test_scenario_a_first_run_creates_valid_external_personal_db (acceptance.test_phase2_storage_safety.Phase2AcceptanceTests.test_scenario_a_first_run_creates_valid_external_personal_db) ... ok
test_scenario_b_old_schema_requires_verified_backup_before_migration (acceptance.test_phase2_storage_safety.Phase2AcceptanceTests.test_scenario_b_old_schema_requires_verified_backup_before_migration) ... ok
test_scenario_c_backup_failure_aborts_migration (acceptance.test_phase2_storage_safety.Phase2AcceptanceTests.test_scenario_c_backup_failure_aborts_migration) ... ok
test_scenario_d_migration_failure_rolls_back_every_statement (acceptance.test_phase2_storage_safety.Phase2AcceptanceTests.test_scenario_d_migration_failure_rolls_back_every_statement) ... ok
test_scenario_e_bad_restore_candidate_never_changes_active_db (acceptance.test_phase2_storage_safety.Phase2AcceptanceTests.test_scenario_e_bad_restore_candidate_never_changes_active_db) ... ok
test_scenario_f_invalid_personal_db_enters_recovery_and_blocks_mutation (acceptance.test_phase2_storage_safety.Phase2AcceptanceTests.test_scenario_f_invalid_personal_db_enters_recovery_and_blocks_mutation) ... ok
test_scenario_g_run_corruption_is_isolated_from_personal_db (acceptance.test_phase2_storage_safety.Phase2AcceptanceTests.test_scenario_g_run_corruption_is_isolated_from_personal_db) ... ok
test_scenario_a_opening_cash_then_initial_position (acceptance.test_phase3_ledger_projection.Phase3AcceptanceTests.test_scenario_a_opening_cash_then_initial_position) ... ok
test_scenario_b_incomplete_buy_then_completed_post (acceptance.test_phase3_ledger_projection.Phase3AcceptanceTests.test_scenario_b_incomplete_buy_then_completed_post) ... ok
test_scenario_c_btc_ambiguity_never_auto_posts (acceptance.test_phase3_ledger_projection.Phase3AcceptanceTests.test_scenario_c_btc_ambiguity_never_auto_posts) ... ok
test_scenario_d_loan_payment_requires_principal_interest_split (acceptance.test_phase3_ledger_projection.Phase3AcceptanceTests.test_scenario_d_loan_payment_requires_principal_interest_split) ... ok
test_scenario_e_clear_deposit_posts_capital (acceptance.test_phase3_ledger_projection.Phase3AcceptanceTests.test_scenario_e_clear_deposit_posts_capital) ... ok
test_scenario_f_correction_uses_reversal_and_replacement (acceptance.test_phase3_ledger_projection.Phase3AcceptanceTests.test_scenario_f_correction_uses_reversal_and_replacement) ... ok
test_scenario_g_projection_exactly_rebuilds (acceptance.test_phase3_ledger_projection.Phase3AcceptanceTests.test_scenario_g_projection_exactly_rebuilds) ... ok
test_a_structured_provider_available_persists_selected_evidence (acceptance.test_phase4_research_flow.Phase4ResearchAcceptanceTests.test_a_structured_provider_available_persists_selected_evidence) ... ok
test_b_missing_credential_rejects_unverified_web_price_claim (acceptance.test_phase4_research_flow.Phase4ResearchAcceptanceTests.test_b_missing_credential_rejects_unverified_web_price_claim) ... ok
test_c_provider_error_falls_through_to_next_provider (acceptance.test_phase4_research_flow.Phase4ResearchAcceptanceTests.test_c_provider_error_falls_through_to_next_provider) ... ok
test_d_only_stale_data_is_explicitly_partial_and_stale (acceptance.test_phase4_research_flow.Phase4ResearchAcceptanceTests.test_d_only_stale_data_is_explicitly_partial_and_stale) ... ok
test_e_conflicting_sources_are_recorded_not_averaged (acceptance.test_phase4_research_flow.Phase4ResearchAcceptanceTests.test_e_conflicting_sources_are_recorded_not_averaged) ... ok
test_f_latest_news_uses_same_evidence_table_not_news_table (acceptance.test_phase4_research_flow.Phase4ResearchAcceptanceTests.test_f_latest_news_uses_same_evidence_table_not_news_table) ... ok
test_fundamental_web_news_number_is_persisted_but_not_selected_for_calculation (acceptance.test_phase4_research_flow.Phase4ResearchAcceptanceTests.test_fundamental_web_news_number_is_persisted_but_not_selected_for_calculation) ... ok
test_g_observation_after_cutoff_is_never_selected (acceptance.test_phase4_research_flow.Phase4ResearchAcceptanceTests.test_g_observation_after_cutoff_is_never_selected) ... ok
test_bitcoin_direct_never_receives_corporate_valuation (acceptance.test_phase5_asset_analysis.Phase5AcceptanceTests.test_bitcoin_direct_never_receives_corporate_valuation) ... ok
test_current_price_missing_keeps_valuation_partial (acceptance.test_phase5_asset_analysis.Phase5AcceptanceTests.test_current_price_missing_keeps_valuation_partial) ... ok
test_direct_user_selected_asset_auto_passes_materiality (acceptance.test_phase5_asset_analysis.Phase5AcceptanceTests.test_direct_user_selected_asset_auto_passes_materiality) ... ok
test_fanuc_routes_to_fundamental_and_valuation (acceptance.test_phase5_asset_analysis.Phase5AcceptanceTests.test_fanuc_routes_to_fundamental_and_valuation) ... ok
test_fund_holdings_without_asof_never_claim_complete_lookthrough (acceptance.test_phase5_asset_analysis.Phase5AcceptanceTests.test_fund_holdings_without_asof_never_claim_complete_lookthrough) ... ok
test_gold_etf_is_fund_plus_alternative_context (acceptance.test_phase5_asset_analysis.Phase5AcceptanceTests.test_gold_etf_is_fund_plus_alternative_context) ... ok
test_material_stale_data_triggers_conditional_review (acceptance.test_phase6_report_review.Phase6AcceptanceTests.test_material_stale_data_triggers_conditional_review) ... FAIL
test_partial_unknown_report_is_emitted_instead_of_fabricated_value (acceptance.test_phase6_report_review.Phase6AcceptanceTests.test_partial_unknown_report_is_emitted_instead_of_fabricated_value) ... ok
test_strategy_is_reported_as_analysis_not_execution (acceptance.test_phase6_report_review.Phase6AcceptanceTests.test_strategy_is_reported_as_analysis_not_execution) ... ok
test_unavailable_report_triggers_low_confidence_review (acceptance.test_phase6_report_review.Phase6AcceptanceTests.test_unavailable_report_triggers_low_confidence_review) ... ok
test_bitcoin_corporate_valuation_is_forbidden (acceptance.test_phase7_mvp_acceptance.Phase7MvpAcceptanceTests.test_bitcoin_corporate_valuation_is_forbidden) ... ok
test_bootstrap_and_adjustment_transactions_always_require_confirmation (acceptance.test_phase7_mvp_acceptance.Phase7MvpAcceptanceTests.test_bootstrap_and_adjustment_transactions_always_require_confirmation) ... ok
test_cash_transfer_is_internal_and_total_cash_effect_is_zero (acceptance.test_phase7_mvp_acceptance.Phase7MvpAcceptanceTests.test_cash_transfer_is_internal_and_total_cash_effect_is_zero) ... ok
test_correction_is_reversal_plus_replacement_with_one_state_version (acceptance.test_phase7_mvp_acceptance.Phase7MvpAcceptanceTests.test_correction_is_reversal_plus_replacement_with_one_state_version) ... ok
test_frozen_architecture_structural_invariants_pass (acceptance.test_phase7_mvp_acceptance.Phase7MvpAcceptanceTests.test_frozen_architecture_structural_invariants_pass) ... ok
test_in_kind_transfer_is_not_converted_to_sell_buy_or_adjustment (acceptance.test_phase7_mvp_acceptance.Phase7MvpAcceptanceTests.test_in_kind_transfer_is_not_converted_to_sell_buy_or_adjustment) ... ok
test_independent_reviewer_is_optional_for_report_generation (acceptance.test_phase7_mvp_acceptance.Phase7MvpAcceptanceTests.test_independent_reviewer_is_optional_for_report_generation) ... ok
test_latest_as_of_rejects_future_observation (acceptance.test_phase7_mvp_acceptance.Phase7MvpAcceptanceTests.test_latest_as_of_rejects_future_observation) ... ok
test_latest_news_uses_existing_evidence_schema_not_separate_news_table (acceptance.test_phase7_mvp_acceptance.Phase7MvpAcceptanceTests.test_latest_news_uses_existing_evidence_schema_not_separate_news_table) ... ok
test_materiality_gate_precedes_portfolio_deep_research (acceptance.test_phase7_mvp_acceptance.Phase7MvpAcceptanceTests.test_materiality_gate_precedes_portfolio_deep_research) ... ok
test_missing_event_time_never_auto_posts (acceptance.test_phase7_mvp_acceptance.Phase7MvpAcceptanceTests.test_missing_event_time_never_auto_posts) ... ok
test_all_seven_modes_route_and_have_fixed_pipelines (acceptance.test_phase8_request_modes.Phase8RequestModeAcceptanceTests.test_all_seven_modes_route_and_have_fixed_pipelines) ... ok
test_asset_update_is_the_only_mode_with_posting_decision (acceptance.test_phase8_request_modes.Phase8RequestModeAcceptanceTests.test_asset_update_is_the_only_mode_with_posting_decision) ... ok
test_hypothetical_trade_never_enters_posting_pipeline (acceptance.test_phase8_request_modes.Phase8RequestModeAcceptanceTests.test_hypothetical_trade_never_enters_posting_pipeline) ... ok
test_append_only_trigger_removal_invalidates_schema (adversarial.test_phase3_ledger_failures.Phase3FailureTests.test_append_only_trigger_removal_invalidates_schema) ... ok
test_append_only_trigger_tampering_is_invalid (adversarial.test_phase3_ledger_failures.Phase3FailureTests.test_append_only_trigger_tampering_is_invalid) ... ok
test_correction_failure_preserves_original_and_state (adversarial.test_phase3_ledger_failures.Phase3FailureTests.test_correction_failure_preserves_original_and_state) ... ok
test_external_reference_collision_requires_confirmation (adversarial.test_phase3_ledger_failures.Phase3FailureTests.test_external_reference_collision_requires_confirmation) ... ok
test_nonexistent_entities_cannot_be_confirmed_around (adversarial.test_phase3_ledger_failures.Phase3FailureTests.test_nonexistent_entities_cannot_be_confirmed_around) ... ok
test_nonfinite_zero_negative_and_float_inputs_fail_closed (adversarial.test_phase3_ledger_failures.Phase3FailureTests.test_nonfinite_zero_negative_and_float_inputs_fail_closed) ... ok
test_noop_when_trigger_would_allow_update_but_validator_rejects (adversarial.test_phase3_ledger_failures.Phase3FailureTests.test_noop_when_trigger_would_allow_update_but_validator_rejects) ... ok
test_overdraft_oversell_and_overpayment_roll_back (adversarial.test_phase3_ledger_failures.Phase3FailureTests.test_overdraft_oversell_and_overpayment_roll_back) ... ok
test_phase3_has_no_raw_writer_or_market_lookup (adversarial.test_phase3_ledger_failures.Phase3FailureTests.test_phase3_has_no_raw_writer_or_market_lookup) ... ok
test_reversal_nonexistent_reversal_of_reversal_and_double (adversarial.test_phase3_ledger_failures.Phase3FailureTests.test_reversal_nonexistent_reversal_of_reversal_and_double) ... ok
test_state_version_conflict_and_storage_status_block (adversarial.test_phase3_ledger_failures.Phase3FailureTests.test_state_version_conflict_and_storage_status_block) ... ok
test_binary_float_is_not_accepted_by_numeric_normalizer (adversarial.test_phase5_analysis_failures.Phase5FailureTests.test_binary_float_is_not_accepted_by_numeric_normalizer) ... ok
test_dcf_never_invents_invalid_terminal_spread (adversarial.test_phase5_analysis_failures.Phase5FailureTests.test_dcf_never_invents_invalid_terminal_spread) ... ok
test_unaligned_market_series_never_get_forward_filled (adversarial.test_phase5_analysis_failures.Phase5FailureTests.test_unaligned_market_series_never_get_forward_filled) ... ok
test_unsupported_instrument_combination_is_not_guessed (adversarial.test_phase5_analysis_failures.Phase5FailureTests.test_unsupported_instrument_combination_is_not_guessed) ... ok
test_current_price_cannot_use_unselected_market_observation (adversarial.test_phase6_report_failures.Phase6AdversarialTests.test_current_price_cannot_use_unselected_market_observation) ... ok
test_missing_evidence_reference_is_rejected (adversarial.test_phase6_report_failures.Phase6AdversarialTests.test_missing_evidence_reference_is_rejected) ... ok
test_optional_reviewer_failure_does_not_suppress_partial_report (adversarial.test_phase6_report_failures.Phase6AdversarialTests.test_optional_reviewer_failure_does_not_suppress_partial_report) ... ok
test_optional_reviewer_output_is_redacted_before_persistence (adversarial.test_phase6_report_failures.Phase6AdversarialTests.test_optional_reviewer_output_is_redacted_before_persistence) ... ok
test_unverified_base_case_is_rejected (adversarial.test_phase6_report_failures.Phase6AdversarialTests.test_unverified_base_case_is_rejected) ... ok
test_future_market_data_cannot_be_selected_then_labeled_current (adversarial.test_phase7_cross_phase_failures.Phase7CrossPhaseFailureTests.test_future_market_data_cannot_be_selected_then_labeled_current) ... ok
test_invalid_personal_database_cannot_become_writable_through_ledger_service (adversarial.test_phase7_cross_phase_failures.Phase7CrossPhaseFailureTests.test_invalid_personal_database_cannot_become_writable_through_ledger_service) ... ok
test_research_and_report_runtime_do_not_mutate_personal_source_of_truth (adversarial.test_phase7_cross_phase_failures.Phase7CrossPhaseFailureTests.test_research_and_report_runtime_do_not_mutate_personal_source_of_truth) ... ok
test_opendart_secret_is_not_persisted_on_transport_failure (adversarial.test_phase8_hardening.Phase8HardeningTests.test_opendart_secret_is_not_persisted_on_transport_failure) ... ok
test_optional_reviewer_failure_does_not_block_report (adversarial.test_phase8_hardening.Phase8HardeningTests.test_optional_reviewer_failure_does_not_block_report) ... ok
test_repository_release_invariants_include_sensitive_artifact_gate (adversarial.test_phase8_hardening.Phase8HardeningTests.test_repository_release_invariants_include_sensitive_artifact_gate) ... ok
test_unexpected_provider_timeout_fails_soft_and_falls_back (adversarial.test_phase8_hardening.Phase8HardeningTests.test_unexpected_provider_timeout_fails_soft_and_falls_back) ... ok
test_backup_directory_junction_swap_is_blocked (adversarial.test_storage_attacks.StorageAdversarialTests.test_backup_directory_junction_swap_is_blocked) ... ok
test_backup_directory_traversal_into_repository_is_rejected (adversarial.test_storage_attacks.StorageAdversarialTests.test_backup_directory_traversal_into_repository_is_rejected) ... ok
test_backup_reason_path_traversal_is_rejected (adversarial.test_storage_attacks.StorageAdversarialTests.test_backup_reason_path_traversal_is_rejected) ... ok
test_duplicate_migration_version_and_id_are_detected (adversarial.test_storage_attacks.StorageAdversarialTests.test_duplicate_migration_version_and_id_are_detected) ... ok
test_empty_zero_byte_and_partial_personal_databases_are_invalid (adversarial.test_storage_attacks.StorageAdversarialTests.test_empty_zero_byte_and_partial_personal_databases_are_invalid) ... ok
test_foreign_key_violation_is_detected_even_if_inserted_unsafely (adversarial.test_storage_attacks.StorageAdversarialTests.test_foreign_key_violation_is_detected_even_if_inserted_unsafely) ... ok
test_guarded_write_rejects_post_startup_corruption_and_replacement (adversarial.test_storage_attacks.StorageAdversarialTests.test_guarded_write_rejects_post_startup_corruption_and_replacement) ... ok
test_guarded_write_transaction_allows_a_valid_database (adversarial.test_storage_attacks.StorageAdversarialTests.test_guarded_write_transaction_allows_a_valid_database) ... ok
test_malicious_and_oversized_run_ids_are_rejected (adversarial.test_storage_attacks.StorageAdversarialTests.test_malicious_and_oversized_run_ids_are_rejected) ... ok
test_migration_history_checksum_tampering_is_detected (adversarial.test_storage_attacks.StorageAdversarialTests.test_migration_history_checksum_tampering_is_detected) ... ok
test_personal_parent_junction_swap_is_blocked (adversarial.test_storage_attacks.StorageAdversarialTests.test_personal_parent_junction_swap_is_blocked) ... ok
test_personal_validation_open_race_cannot_write_escaped_database (adversarial.test_storage_attacks.StorageAdversarialTests.test_personal_validation_open_race_cannot_write_escaped_database) ... ok
test_readonly_probe_forces_recovery_mode_and_guard (adversarial.test_storage_attacks.StorageAdversarialTests.test_readonly_probe_forces_recovery_mode_and_guard) ... ok
test_repository_has_no_database_artifacts_and_ignores_them (adversarial.test_storage_attacks.StorageAdversarialTests.test_repository_has_no_database_artifacts_and_ignores_them) ... ok
test_run_partial_database_is_invalid (adversarial.test_storage_attacks.StorageAdversarialTests.test_run_partial_database_is_invalid) ... ok
test_run_root_junction_escape_is_blocked (adversarial.test_storage_attacks.StorageAdversarialTests.test_run_root_junction_escape_is_blocked) ... ok
test_schema_signature_detects_pk_fk_index_and_unique_tampering (adversarial.test_storage_attacks.StorageAdversarialTests.test_schema_signature_detects_pk_fk_index_and_unique_tampering) ... ok
test_approval_shaped_fields_and_mapping_order_do_not_enable_orders (decisions.test_action.TestActionProposalLogic.test_approval_shaped_fields_and_mapping_order_do_not_enable_orders) ... ok
test_missing_policy_or_state (decisions.test_action.TestActionProposalLogic.test_missing_policy_or_state) ... ok
test_no_data_leakage_in_conditions (decisions.test_action.TestActionProposalLogic.test_no_data_leakage_in_conditions) ... ok
test_pure_arithmetic_invalid_domain (decisions.test_action.TestActionProposalLogic.test_pure_arithmetic_invalid_domain) ... ok
test_pure_arithmetic_valid (decisions.test_action.TestActionProposalLogic.test_pure_arithmetic_valid) ... ok
test_unvalidated_signals (decisions.test_action.TestActionProposalLogic.test_unvalidated_signals) ... ok
test_briefing_available_wait (decisions.test_briefing.TestBriefingLogic.test_briefing_available_wait) ... ok
test_briefing_missing_all_inconclusive (decisions.test_briefing.TestBriefingLogic.test_briefing_missing_all_inconclusive) ... ok
test_briefing_missing_price_inconclusive (decisions.test_briefing.TestBriefingLogic.test_briefing_missing_price_inconclusive) ... ok
test_briefing_run_id_mismatch (decisions.test_briefing.TestBriefingLogic.test_briefing_run_id_mismatch) ... ok
test_briefing_slot_mismatch (decisions.test_briefing.TestBriefingLogic.test_briefing_slot_mismatch) ... ok
test_conditional_valuation_typed_output_displays_as_conditional (decisions.test_briefing.TestBriefingLogic.test_conditional_valuation_typed_output_displays_as_conditional) ... ok
test_generic_result_and_unbound_eligibility_are_never_displayed (decisions.test_briefing.TestBriefingLogic.test_generic_result_and_unbound_eligibility_are_never_displayed) ... ok
test_only_eligible_typed_calculation_is_displayed_and_waits (decisions.test_briefing.TestBriefingLogic.test_only_eligible_typed_calculation_is_displayed_and_waits) ... ok
test_briefing_markdown_formatting (decisions.test_builder_briefing.TestBuilderBriefingFormatting.test_briefing_markdown_formatting) ... ok
test_check_command_is_machine_readable (integration.test_cli_and_invariants.CliIntegrationTest.test_check_command_is_machine_readable) ... ok
test_package_metadata_uses_proprietary_spdx_license_reference (integration.test_cli_and_invariants.CliIntegrationTest.test_package_metadata_uses_proprietary_spdx_license_reference) ... ok
test_project_invariants_pass (integration.test_cli_and_invariants.CliIntegrationTest.test_project_invariants_pass) ... ok
test_route_returns_mode_and_fixed_pipeline (integration.test_cli_and_invariants.CliIntegrationTest.test_route_returns_mode_and_fixed_pipeline) ... ok
test_sensitive_runtime_paths_are_ignored_without_hiding_env_example (integration.test_cli_and_invariants.CliIntegrationTest.test_sensitive_runtime_paths_are_ignored_without_hiding_env_example) ... ok
test_bundle_requires_structured_source_identity (integration.test_live_deep_research.LiveDeepResearchIntegrationTests.test_bundle_requires_structured_source_identity) ... ok
test_future_market_price_is_not_promoted_to_current_valuation_input (integration.test_live_deep_research.LiveDeepResearchIntegrationTests.test_future_market_price_is_not_promoted_to_current_valuation_input) ... ok
test_mismatched_financial_currency_is_excluded_from_valuation (integration.test_live_deep_research.LiveDeepResearchIntegrationTests.test_mismatched_financial_currency_is_excluded_from_valuation) ... ok
test_portfolio_materiality_callback_executes_live_research_after_gate (integration.test_live_deep_research.LiveDeepResearchIntegrationTests.test_portfolio_materiality_callback_executes_live_research_after_gate) ... ok
test_scaled_financial_units_are_normalized_without_unverified_web_price_multiples (integration.test_live_deep_research.LiveDeepResearchIntegrationTests.test_scaled_financial_units_are_normalized_without_unverified_web_price_multiples) ... ok
test_selected_equity_rejects_web_price_but_keeps_financial_fallback_lineage (integration.test_live_deep_research.LiveDeepResearchIntegrationTests.test_selected_equity_rejects_web_price_but_keeps_financial_fallback_lineage) ... ok
test_web_financial_metric_without_explicit_unit_is_not_used_in_valuation (integration.test_live_deep_research.LiveDeepResearchIntegrationTests.test_web_financial_metric_without_explicit_unit_is_not_used_in_valuation) ... ok
test_backup_cleanup_permission_error_is_reported_and_not_retained (integration.test_personal_storage_lifecycle.PersonalBackupTests.test_backup_cleanup_permission_error_is_reported_and_not_retained) ... ok
test_backup_collision_never_overwrites (integration.test_personal_storage_lifecycle.PersonalBackupTests.test_backup_collision_never_overwrites) ... ok
test_backup_destination_permission_failure_is_normalized (integration.test_personal_storage_lifecycle.PersonalBackupTests.test_backup_destination_permission_failure_is_normalized) ... ok
test_independent_backup_validation_failure_cleans_temp_and_final (integration.test_personal_storage_lifecycle.PersonalBackupTests.test_independent_backup_validation_failure_cleans_temp_and_final) ... ok
test_invalid_backups_do_not_consume_retention_slots (integration.test_personal_storage_lifecycle.PersonalBackupTests.test_invalid_backups_do_not_consume_retention_slots) ... ok
test_invalid_source_is_not_backed_up (integration.test_personal_storage_lifecycle.PersonalBackupTests.test_invalid_source_is_not_backed_up) ... ok
test_online_backup_is_independently_validated (integration.test_personal_storage_lifecycle.PersonalBackupTests.test_online_backup_is_independently_validated) ... ok
test_retention_separates_general_and_migration_backups (integration.test_personal_storage_lifecycle.PersonalBackupTests.test_retention_separates_general_and_migration_backups) ... ok
test_sqlite_backup_error_is_normalized_and_cleans_all_artifacts (integration.test_personal_storage_lifecycle.PersonalBackupTests.test_sqlite_backup_error_is_normalized_and_cleans_all_artifacts) ... ok
test_backup_failure_aborts_before_executor (integration.test_personal_storage_lifecycle.PersonalMigrationTests.test_backup_failure_aborts_before_executor) ... ok
test_backup_validation_failure_aborts_before_executor (integration.test_personal_storage_lifecycle.PersonalMigrationTests.test_backup_validation_failure_aborts_before_executor) ... ok
test_duplicate_migration_identifier_is_rejected (integration.test_personal_storage_lifecycle.PersonalMigrationTests.test_duplicate_migration_identifier_is_rejected) ... ok
test_existing_old_schema_is_backed_up_then_migrated (integration.test_personal_storage_lifecycle.PersonalMigrationTests.test_existing_old_schema_is_backed_up_then_migrated) ... ok
test_invalid_returned_backup_results_abort_before_executor (integration.test_personal_storage_lifecycle.PersonalMigrationTests.test_invalid_returned_backup_results_abort_before_executor) ... ok
test_migration_exception_rolls_back_and_retains_version (integration.test_personal_storage_lifecycle.PersonalMigrationTests.test_migration_exception_rolls_back_and_retains_version) ... ok
test_post_migration_validation_failure_marks_database_invalid (integration.test_personal_storage_lifecycle.PersonalMigrationTests.test_post_migration_validation_failure_marks_database_invalid) ... ok
test_second_migration_run_is_idempotent (integration.test_personal_storage_lifecycle.PersonalMigrationTests.test_second_migration_run_is_idempotent) ... ok
test_corrupt_candidate_leaves_active_unchanged (integration.test_personal_storage_lifecycle.PersonalRestoreTests.test_corrupt_candidate_leaves_active_unchanged) ... ok
test_first_replace_failure_revalidates_original (integration.test_personal_storage_lifecycle.PersonalRestoreTests.test_first_replace_failure_revalidates_original) ... ok
test_foreign_key_corrupt_candidate_is_rejected (integration.test_personal_storage_lifecycle.PersonalRestoreTests.test_foreign_key_corrupt_candidate_is_rejected) ... ok
test_manager_owned_writer_blocks_reentrant_restore (integration.test_personal_storage_lifecycle.PersonalRestoreTests.test_manager_owned_writer_blocks_reentrant_restore) ... ok
test_old_schema_candidate_is_rejected (integration.test_personal_storage_lifecycle.PersonalRestoreTests.test_old_schema_candidate_is_rejected) ... ok
test_open_sqlite_handle_blocks_restore_without_data_loss (integration.test_personal_storage_lifecycle.PersonalRestoreTests.test_open_sqlite_handle_blocks_restore_without_data_loss) ... ok
test_post_replace_failure_rolls_back_and_revalidates_original (integration.test_personal_storage_lifecycle.PersonalRestoreTests.test_post_replace_failure_rolls_back_and_revalidates_original) ... ok
test_restore_cleanup_failure_blocks_success (integration.test_personal_storage_lifecycle.PersonalRestoreTests.test_restore_cleanup_failure_blocks_success) ... ok
test_restore_quiesces_crash_wal_and_uses_candidate_identity (integration.test_personal_storage_lifecycle.PersonalRestoreTests.test_restore_quiesces_crash_wal_and_uses_candidate_identity) ... ok
test_rollback_copy_failure_never_leaves_stale_valid (integration.test_personal_storage_lifecycle.PersonalRestoreTests.test_rollback_copy_failure_never_leaves_stale_valid) ... ok
test_rollback_copy_validation_failure_stays_blocked (integration.test_personal_storage_lifecycle.PersonalRestoreTests.test_rollback_copy_validation_failure_stays_blocked) ... ok
test_rollback_reopen_validation_failure_stays_blocked (integration.test_personal_storage_lifecycle.PersonalRestoreTests.test_rollback_reopen_validation_failure_stays_blocked) ... ok
test_rollback_replace_failure_never_leaves_stale_valid (integration.test_personal_storage_lifecycle.PersonalRestoreTests.test_rollback_replace_failure_never_leaves_stale_valid) ... ok
test_same_path_restore_is_rejected (integration.test_personal_storage_lifecycle.PersonalRestoreTests.test_same_path_restore_is_rejected) ... ok
test_valid_candidate_replaces_active_after_validation (integration.test_personal_storage_lifecycle.PersonalRestoreTests.test_valid_candidate_replaces_active_after_validation) ... ok
test_append_only_triggers_block_update_and_delete (integration.test_phase3_ledger.Phase3LedgerTests.test_append_only_triggers_block_update_and_delete) ... ok
test_atomic_failure_injection_rolls_back_every_layer (integration.test_phase3_ledger.Phase3LedgerTests.test_atomic_failure_injection_rolls_back_every_layer) ... ok
test_book_snapshot_is_append_only_and_does_not_increment_state (integration.test_phase3_ledger.Phase3LedgerTests.test_book_snapshot_is_append_only_and_does_not_increment_state) ... ok
test_cash_types_transfer_dividend_and_fee (integration.test_phase3_ledger.Phase3LedgerTests.test_cash_types_transfer_dividend_and_fee) ... ok
test_cashflow_occurred_at_matches_ledger_and_rebuild_is_stable (integration.test_phase3_ledger.Phase3LedgerTests.test_cashflow_occurred_at_matches_ledger_and_rebuild_is_stable) ... ok
test_configured_high_impact_threshold_requires_confirmation (integration.test_phase3_ledger.Phase3LedgerTests.test_configured_high_impact_threshold_requires_confirmation) ... ok
test_correction_is_atomic_bundle_with_one_version (integration.test_phase3_ledger.Phase3LedgerTests.test_correction_is_atomic_bundle_with_one_version) ... ok
test_correction_sequence_replays_reversal_before_replacement (integration.test_phase3_ledger.Phase3LedgerTests.test_correction_sequence_replays_reversal_before_replacement) ... ok
test_decimal_canonicalization_and_distinct_occurred_at (integration.test_phase3_ledger.Phase3LedgerTests.test_decimal_canonicalization_and_distinct_occurred_at) ... ok
test_duplicate_key_and_suspected_fingerprint (integration.test_phase3_ledger.Phase3LedgerTests.test_duplicate_key_and_suspected_fingerprint) ... ok
test_eligible_buy_fee_is_included_in_weighted_basis (integration.test_phase3_ledger.Phase3LedgerTests.test_eligible_buy_fee_is_included_in_weighted_basis) ... ok
test_fx_and_loan_projection (integration.test_phase3_ledger.Phase3LedgerTests.test_fx_and_loan_projection) ... ok
test_initial_position_split_reverse_split_and_ticker_change (integration.test_phase3_ledger.Phase3LedgerTests.test_initial_position_split_reverse_split_and_ticker_change) ... ok
test_interest_adjustment_opening_liability_and_fx_sell (integration.test_phase3_ledger.Phase3LedgerTests.test_interest_adjustment_opening_liability_and_fx_sell) ... ok
test_pending_and_invalid_storage_have_no_effect (integration.test_phase3_ledger.Phase3LedgerTests.test_pending_and_invalid_storage_have_no_effect) ... ok
test_projection_rebuild_and_historical_versions (integration.test_phase3_ledger.Phase3LedgerTests.test_projection_rebuild_and_historical_versions) ... ok
test_reversal_restores_projection_and_is_single_use (integration.test_phase3_ledger.Phase3LedgerTests.test_reversal_restores_projection_and_is_single_use) ... ok
test_timezone_fallback_duplicate_posts_once (integration.test_phase3_ledger.Phase3LedgerTests.test_timezone_fallback_duplicate_posts_once) ... ok
test_weighted_average_sell_and_fee_policy (integration.test_phase3_ledger.Phase3LedgerTests.test_weighted_average_sell_and_fee_policy) ... ok
test_conflicting_sources_are_not_averaged (integration.test_phase4_evidence_research.Phase4EvidenceIntegrationTests.test_conflicting_sources_are_not_averaged) ... ok
test_context_clock_and_personal_state_are_immutable (integration.test_phase4_evidence_research.Phase4EvidenceIntegrationTests.test_context_clock_and_personal_state_are_immutable) ... ok
test_financial_and_calculation_lineage_are_persisted_in_run_db (integration.test_phase4_evidence_research.Phase4EvidenceIntegrationTests.test_financial_and_calculation_lineage_are_persisted_in_run_db) ... ok
test_future_observation_persisted_but_not_selected (integration.test_phase4_evidence_research.Phase4EvidenceIntegrationTests.test_future_observation_persisted_but_not_selected) ... ok
test_research_data_stays_in_run_database_only (integration.test_phase4_evidence_research.Phase4EvidenceIntegrationTests.test_research_data_stays_in_run_database_only) ... ok
test_alternative_and_fund_persist_without_personal_mutation (integration.test_phase5_asset_runtime.Phase5AssetRuntimeIntegrationTests.test_alternative_and_fund_persist_without_personal_mutation) ... ok
test_equity_results_persist_as_calculation_lineage (integration.test_phase5_asset_runtime.Phase5AssetRuntimeIntegrationTests.test_equity_results_persist_as_calculation_lineage) ... ok
test_portfolio_materiality_happens_before_deep_callbacks (integration.test_phase5_asset_runtime.Phase5AssetRuntimeIntegrationTests.test_portfolio_materiality_happens_before_deep_callbacks) ... ok
test_calculation_lineage_failure_triggers_review_but_report_continues (integration.test_phase6_report_runtime.Phase6IntegrationTests.test_calculation_lineage_failure_triggers_review_but_report_continues) ... ok
test_full_asof_headers_and_persistence (integration.test_phase6_report_runtime.Phase6IntegrationTests.test_full_asof_headers_and_persistence) ... ok
test_provider_unavailable_keeps_partial_report_available (integration.test_phase6_report_runtime.Phase6IntegrationTests.test_provider_unavailable_keeps_partial_report_available) ... FAIL
test_review_findings_are_persisted_to_run_db_only (integration.test_phase6_report_runtime.Phase6IntegrationTests.test_review_findings_are_persisted_to_run_db_only) ... ok
test_singular_evidence_id_lineage_is_checked (integration.test_phase6_report_runtime.Phase6IntegrationTests.test_singular_evidence_id_lineage_is_checked) ... ok
test_corrupt_restore_candidate_is_rejected_without_losing_active_state (integration.test_phase7_backup_restore_drill.Phase7BackupRestoreDrillTests.test_corrupt_restore_candidate_is_rejected_without_losing_active_state) ... ok
test_validated_backup_restore_drill_recovers_ledger_and_projection (integration.test_phase7_backup_restore_drill.Phase7BackupRestoreDrillTests.test_validated_backup_restore_drill_recovers_ledger_and_projection) ... ok
test_provider_to_evidence_to_analysis_to_report_preserves_personal_source_of_truth (integration.test_phase8_full_stack.Phase8FullStackIntegrationTests.test_provider_to_evidence_to_analysis_to_report_preserves_personal_source_of_truth) ... FAIL
test_krx_close_flows_through_phase4_and_publication_gate (integration.test_r01_weekend_price_e2e.WeekendPriceEndToEndTests.test_krx_close_flows_through_phase4_and_publication_gate) ... ok
test_missing_calendar_and_wrong_currency_fail_closed_even_when_recent (integration.test_r01_weekend_price_e2e.WeekendPriceEndToEndTests.test_missing_calendar_and_wrong_currency_fail_closed_even_when_recent) ... ok
test_nasdaq_close_flows_through_phase4_calculation_and_report (integration.test_r01_weekend_price_e2e.WeekendPriceEndToEndTests.test_nasdaq_close_flows_through_phase4_calculation_and_report) ... ok
test_web_claimed_market_metadata_cannot_authorize_current_price (integration.test_r01_weekend_price_e2e.WeekendPriceEndToEndTests.test_web_claimed_market_metadata_cannot_authorize_current_price) ... ok
test_comparison_requires_two_resolved_assets (integration.test_r14_equity_mode_bundles.R14EquityModeBundleIntegrationTests.test_comparison_requires_two_resolved_assets) ... ok
test_comparison_runs_real_pipeline_and_builds_complete_compatibility_matrix_without_rank (integration.test_r14_equity_mode_bundles.R14EquityModeBundleIntegrationTests.test_comparison_runs_real_pipeline_and_builds_complete_compatibility_matrix_without_rank) ... ok
test_incompatible_periods_or_currency_return_partial_without_comparative_ranking (integration.test_r14_equity_mode_bundles.R14EquityModeBundleIntegrationTests.test_incompatible_periods_or_currency_return_partial_without_comparative_ranking) ... ok
test_metric_comparison_rejects_context_missing_on_that_metric_only (integration.test_r14_equity_mode_bundles.R14EquityModeBundleIntegrationTests.test_metric_comparison_rejects_context_missing_on_that_metric_only) ... ok
test_missing_provider_bundle_is_unsupported (integration.test_r14_equity_mode_bundles.R14EquityModeBundleIntegrationTests.test_missing_provider_bundle_is_unsupported) ... ok
test_report_refresh_replay_requires_allowlisted_mode_flag_and_exact_pin (integration.test_r14_equity_mode_bundles.R14EquityModeBundleIntegrationTests.test_report_refresh_replay_requires_allowlisted_mode_flag_and_exact_pin) ... ok
test_request_typed_price_cannot_claim_persisted_ids_without_value_binding (integration.test_r14_equity_mode_bundles.R14EquityModeBundleIntegrationTests.test_request_typed_price_cannot_claim_persisted_ids_without_value_binding) ... ok
test_same_period_end_with_different_reporting_context_is_not_comparable (integration.test_r14_equity_mode_bundles.R14EquityModeBundleIntegrationTests.test_same_period_end_with_different_reporting_context_is_not_comparable) ... ok
test_single_asset_pipeline_persists_real_evidence_calculations_and_report (integration.test_r14_equity_mode_bundles.R14EquityModeBundleIntegrationTests.test_single_asset_pipeline_persists_real_evidence_calculations_and_report) ... ok
test_all_four_fixed_modes_run_through_report_persistence (integration.test_r14_portfolio_thesis_mode_bundles.PortfolioThesisModeBundleIntegrationTests.test_all_four_fixed_modes_run_through_report_persistence) ... ok
test_non_bundle_report_handler_output_is_not_localized_or_rewritten (integration.test_r14_portfolio_thesis_mode_bundles.PortfolioThesisModeBundleIntegrationTests.test_non_bundle_report_handler_output_is_not_localized_or_rewritten) ... ok
test_user_report_numbers_are_rounded_and_grouped (integration.test_r14_portfolio_thesis_mode_bundles.PortfolioThesisModeBundleIntegrationTests.test_user_report_numbers_are_rounded_and_grouped) ... ok
test_comparison_requires_two_resolved_assets (tests.integration.test_r14_equity_mode_bundles.R14EquityModeBundleIntegrationTests.test_comparison_requires_two_resolved_assets) ... ok
test_comparison_runs_real_pipeline_and_builds_complete_compatibility_matrix_without_rank (tests.integration.test_r14_equity_mode_bundles.R14EquityModeBundleIntegrationTests.test_comparison_runs_real_pipeline_and_builds_complete_compatibility_matrix_without_rank) ... ok
test_incompatible_periods_or_currency_return_partial_without_comparative_ranking (tests.integration.test_r14_equity_mode_bundles.R14EquityModeBundleIntegrationTests.test_incompatible_periods_or_currency_return_partial_without_comparative_ranking) ... ok
test_metric_comparison_rejects_context_missing_on_that_metric_only (tests.integration.test_r14_equity_mode_bundles.R14EquityModeBundleIntegrationTests.test_metric_comparison_rejects_context_missing_on_that_metric_only) ... ok
test_missing_provider_bundle_is_unsupported (tests.integration.test_r14_equity_mode_bundles.R14EquityModeBundleIntegrationTests.test_missing_provider_bundle_is_unsupported) ... ok
test_report_refresh_replay_requires_allowlisted_mode_flag_and_exact_pin (tests.integration.test_r14_equity_mode_bundles.R14EquityModeBundleIntegrationTests.test_report_refresh_replay_requires_allowlisted_mode_flag_and_exact_pin) ... ok
test_request_typed_price_cannot_claim_persisted_ids_without_value_binding (tests.integration.test_r14_equity_mode_bundles.R14EquityModeBundleIntegrationTests.test_request_typed_price_cannot_claim_persisted_ids_without_value_binding) ... ok
test_same_period_end_with_different_reporting_context_is_not_comparable (tests.integration.test_r14_equity_mode_bundles.R14EquityModeBundleIntegrationTests.test_same_period_end_with_different_reporting_context_is_not_comparable) ... ok
test_single_asset_pipeline_persists_real_evidence_calculations_and_report (tests.integration.test_r14_equity_mode_bundles.R14EquityModeBundleIntegrationTests.test_single_asset_pipeline_persists_real_evidence_calculations_and_report) ... ok
test_composed_fixed_plans_keep_writer_only_on_asset_update (integration.test_r14_seven_mode_composition.R14SevenModeCompositionIntegrationTests.test_composed_fixed_plans_keep_writer_only_on_asset_update) ... ok
test_factory_rejects_mixed_run_database_instances (integration.test_r14_seven_mode_composition.R14SevenModeCompositionIntegrationTests.test_factory_rejects_mixed_run_database_instances) ... ok
test_real_equity_and_thesis_bundles_survive_composition (integration.test_r14_seven_mode_composition.R14SevenModeCompositionIntegrationTests.test_real_equity_and_thesis_bundles_survive_composition) ... ok
test_configured_composition_runs_all_seven_modes_with_real_handlers (integration.test_rc10_r1_rc11_review_regressions.FinalReviewProbes.test_configured_composition_runs_all_seven_modes_with_real_handlers) ... ok
{"probe": "RC10-R1", "baseline_sha": "a1a41b03594e6fa2a9ad141d7029b6f05cb53855", "prior_mode_status": "PARTIAL", "prior_missing_inputs": ["approved_materiality_selector", "selected_assets_for_deep_research"], "replay_manifest_statuses": [null, null, null, null, null, null, "PARTIAL", null], "replay_step_missing_inputs": [[], [], ["approved_materiality_selector"], ["selected_assets_for_deep_research"], [], [], ["approved_materiality_selector", "selected_assets_for_deep_research"]], "refresh_mode_status": "PARTIAL", "refresh_missing_inputs": ["approved_materiality_selector", "selected_assets_for_deep_research"], "refresh_report_status": "PARTIAL"}
test_rc10_r1_refresh_preserves_partial_replay_status (integration.test_rc10_r1_rc11_review_regressions.FinalReviewProbes.test_rc10_r1_refresh_preserves_partial_replay_status) ... ok
{"probe": "RC11", "baseline_sha": "a1a41b03594e6fa2a9ad141d7029b6f05cb53855", "single_manager_direction": 1, "two_managers_both_increased_direction": 1}
test_rc11_cross_manager_consensus_accepts_two_valid_increases (integration.test_rc10_r1_rc11_review_regressions.FinalReviewProbes.test_rc11_cross_manager_consensus_accepts_two_valid_increases) ... ok
test_basic_metadata_and_evidence_crud_is_parameterized (integration.test_run_storage.RunStorageTests.test_basic_metadata_and_evidence_crud_is_parameterized) ... ok
test_corrupt_run_is_invalid_without_shared_state (integration.test_run_storage.RunStorageTests.test_corrupt_run_is_invalid_without_shared_state) ... ok
test_missing_metadata_blocks_update_and_invalidates_run (integration.test_run_storage.RunStorageTests.test_missing_metadata_blocks_update_and_invalidates_run) ... ok
test_run_directory_junction_swap_is_blocked (integration.test_run_storage.RunStorageTests.test_run_directory_junction_swap_is_blocked) ... ok
test_run_schema_detects_missing_run_metadata_table (integration.test_run_storage.RunStorageTests.test_run_schema_detects_missing_run_metadata_table) ... ok
test_run_schema_detects_primary_key_removal (integration.test_run_storage.RunStorageTests.test_run_schema_detects_primary_key_removal) ... ok
test_run_schema_detects_provider_states_foreign_key_removal (integration.test_run_storage.RunStorageTests.test_run_schema_detects_provider_states_foreign_key_removal) ... ok
test_run_schema_detects_required_column_removal (integration.test_run_storage.RunStorageTests.test_run_schema_detects_required_column_removal) ... ok
test_run_schema_detects_required_index_removal (integration.test_run_storage.RunStorageTests.test_run_schema_detects_required_index_removal) ... ok
test_run_schema_detects_unexpected_schema_version (integration.test_run_storage.RunStorageTests.test_run_schema_detects_unexpected_schema_version) ... ok
test_run_validation_open_race_cannot_write_escaped_database (integration.test_run_storage.RunStorageTests.test_run_validation_open_race_cannot_write_escaped_database) ... ok
test_run_workspaces_are_isolated_and_collisions_fail (integration.test_run_storage.RunStorageTests.test_run_workspaces_are_isolated_and_collisions_fail) ... ok
test_truncated_run_blocks_mutation_and_invalidates_only_that_run (integration.test_run_storage.RunStorageTests.test_truncated_run_blocks_mutation_and_invalidates_only_that_run) ... ok
test_built_artifacts_match_exact_allowlists (test_packaging.TestPackaging.test_built_artifacts_match_exact_allowlists) ... FAIL
test_distribution_and_runtime_versions_are_not_conflated (test_packaging.TestPackaging.test_distribution_and_runtime_versions_are_not_conflated) ... ok
test_installed_skill_and_ui_discovery_files_are_exact (test_packaging.TestPackaging.test_installed_skill_and_ui_discovery_files_are_exact) ... skipped 'Install the wheel with this interpreter before checking installed skill files.'
test_manifest_exclusions (test_packaging.TestPackaging.test_manifest_exclusions) ... ok
test_pyproject_declares_windows_timezone_data_and_tls_dependencies (test_packaging.TestPackaging.test_pyproject_declares_windows_timezone_data_and_tls_dependencies) ... ok
test_sync_tool_is_present_and_inventory_is_exact (test_packaging.TestPackaging.test_sync_tool_is_present_and_inventory_is_exact) ... ok
test_unpacked_sdist_runs_version_metadata_check (test_packaging.TestPackaging.test_unpacked_sdist_runs_version_metadata_check) ... FAIL
test_exact_eight_skill_mirror_inventory_passes (test_r15_skill_sync.TestR15SkillSync.test_exact_eight_skill_mirror_inventory_passes) ... ok
test_sync_repairs_missing_mirror_file_and_check_does_not_repair (test_r15_skill_sync.TestR15SkillSync.test_sync_repairs_missing_mirror_file_and_check_does_not_repair) ... ok
test_unexpected_skill_directory_is_rejected_instead_of_silently_ignored (test_r15_skill_sync.TestR15SkillSync.test_unexpected_skill_directory_is_rejected_instead_of_silently_ignored) ... ok
test_unexpected_source_or_mirror_file_is_rejected (test_r15_skill_sync.TestR15SkillSync.test_unexpected_source_or_mirror_file_is_rejected) ... ok
test_closed_market_without_calendar_fails_closed (unit.test_calendar_last_valid_close.CalendarLastValidCloseTests.test_closed_market_without_calendar_fails_closed) ... ok
test_crypto_never_uses_exchange_closed_last_close_shortcut (unit.test_calendar_last_valid_close.CalendarLastValidCloseTests.test_crypto_never_uses_exchange_closed_last_close_shortcut) ... ok
test_delayed_quote_and_incomplete_bar_cannot_be_last_close (unit.test_calendar_last_valid_close.CalendarLastValidCloseTests.test_delayed_quote_and_incomplete_bar_cannot_be_last_close) ... ok
test_friday_quote_is_stale_after_monday_nasdaq_open (unit.test_calendar_last_valid_close.CalendarLastValidCloseTests.test_friday_quote_is_stale_after_monday_nasdaq_open) ... ok
test_krx_close_is_not_available_before_close_price_send_time (unit.test_calendar_last_valid_close.CalendarLastValidCloseTests.test_krx_close_is_not_available_before_close_price_send_time) ... ok
test_krx_previous_session_is_not_last_close_when_a_later_session_exists (unit.test_calendar_last_valid_close.CalendarLastValidCloseTests.test_krx_previous_session_is_not_last_close_when_a_later_session_exists) ... ok
test_krx_september_23_close_is_last_session_on_chuseok_sunday (unit.test_calendar_last_valid_close.CalendarLastValidCloseTests.test_krx_september_23_close_is_last_session_on_chuseok_sunday) ... ok
test_missing_coverage_or_old_quote_fails_closed (unit.test_calendar_last_valid_close.CalendarLastValidCloseTests.test_missing_coverage_or_old_quote_fails_closed) ... ok
test_official_url_with_omitted_midweek_session_is_not_trusted (unit.test_calendar_last_valid_close.CalendarLastValidCloseTests.test_official_url_with_omitted_midweek_session_is_not_trusted) ... ok
test_pre_open_reason_is_distinct_from_holiday (unit.test_calendar_last_valid_close.CalendarLastValidCloseTests.test_pre_open_reason_is_distinct_from_holiday) ... ok
test_unapproved_calendar_source_rejected (unit.test_calendar_last_valid_close.CalendarLastValidCloseTests.test_unapproved_calendar_source_rejected) ... ok
test_wrong_exchange_or_currency_fails_closed (unit.test_calendar_last_valid_close.CalendarLastValidCloseTests.test_wrong_exchange_or_currency_fails_closed) ... ok
test_yahoo_nasdaq_friday_close_is_valid_on_sunday (unit.test_calendar_last_valid_close.CalendarLastValidCloseTests.test_yahoo_nasdaq_friday_close_is_valid_on_sunday) ... ok
test_bar_adapter_roundtrip (unit.test_contract_adapters.ContractAdaptersTests.test_bar_adapter_roundtrip) ... ok
test_fact_adapter_roundtrip (unit.test_contract_adapters.ContractAdaptersTests.test_fact_adapter_roundtrip) ... ok
test_holding_adapter_roundtrip (unit.test_contract_adapters.ContractAdaptersTests.test_holding_adapter_roundtrip) ... ok
test_observation_envelope_roundtrip (unit.test_contract_adapters.ContractAdaptersTests.test_observation_envelope_roundtrip) ... ok
test_quote_adapter_roundtrip (unit.test_contract_adapters.ContractAdaptersTests.test_quote_adapter_roundtrip) ... ok
test_bar_interval_scope (unit.test_contract_audit_probes.ContractAuditProbesTests.test_bar_interval_scope)
A validated daily BarSet cannot contain hourly bars. ... ok
test_bar_price_unit (unit.test_contract_audit_probes.ContractAuditProbesTests.test_bar_price_unit)
Bar close is price; it must not carry volume unit SHARES. ... ok
test_contradictory_coverage (unit.test_contract_audit_probes.ContractAuditProbesTests.test_contradictory_coverage)
Missing required slot and is_complete=True cannot coexist. ... ok
test_invalid_raw_promoted_to_coverage (unit.test_contract_audit_probes.ContractAuditProbesTests.test_invalid_raw_promoted_to_coverage)
Raw invalid data may survive in collection, but cannot declare validated coverage. ... ok
test_invalid_slot_wire (unit.test_contract_audit_probes.ContractAuditProbesTests.test_invalid_slot_wire)
Unknown enum/date and bool duration cannot form a valid SlotSpec. ... ok
test_manager_import_boundary (unit.test_contract_audit_probes.ContractAuditProbesTests.test_manager_import_boundary)
Evidence manager module must import cleanly without error. ... ok
test_missing_instrument (unit.test_contract_audit_probes.ContractAuditProbesTests.test_missing_instrument)
Required instrument identity must not match None. ... ok
test_no_implicit_13f_scale (unit.test_contract_audit_probes.ContractAuditProbesTests.test_no_implicit_13f_scale)
No source mapping means no invented scale=1000. ... ok
test_normalized_fact_unit (unit.test_contract_audit_probes.ContractAuditProbesTests.test_normalized_fact_unit)
Normalized value must carry canonical unit, not raw million unit. ... ok
test_null_storage_namespace (unit.test_contract_audit_probes.ContractAuditProbesTests.test_null_storage_namespace)
Present null namespace is corrupted, not an empty legacy ledger. ... ok
test_quantity_type_preserved (unit.test_contract_audit_probes.ContractAuditProbesTests.test_quantity_type_preserved)
PRN/SH quantity basis must survive the provider bridge. ... ok
test_snapshot_semantic_scope (unit.test_contract_audit_probes.ContractAuditProbesTests.test_snapshot_semantic_scope)
Purpose/public version/fingerprint changes must alter semantic identity. ... ok
test_string_false_approval (unit.test_contract_audit_probes.ContractAuditProbesTests.test_string_false_approval)
String 'false' must not become approved True in CalculationAssumption. ... ok
test_string_false_coverage (unit.test_contract_audit_probes.ContractAuditProbesTests.test_string_false_coverage)
String 'false' is not a wire bool for is_complete and extra keys are rejected. ... ok
test_unapproved_conditional_gate (unit.test_contract_audit_probes.ContractAuditProbesTests.test_unapproved_conditional_gate)
Unapproved TRADING policy needs disabled/rejected gate, not bare CONDITIONAL. ... ok
test_unavailable_action_payload (unit.test_contract_audit_probes.ContractAuditProbesTests.test_unavailable_action_payload)
UNAVAILABLE must not carry a consumable action price. ... ok
test_unknown_storage_version (unit.test_contract_audit_probes.ContractAuditProbesTests.test_unknown_storage_version)
Unsupported schema_version must be rejected. ... ok
test_voting_roundtrip (unit.test_contract_audit_probes.ContractAuditProbesTests.test_voting_roundtrip)
Non-null voting fields must survive encode/decode exactly. ... ok
test_wrong_nested_kind (unit.test_contract_audit_probes.ContractAuditProbesTests.test_wrong_nested_kind)
MarketQuote requires PublicAvailability, not another registered kind. ... ok
test_gate_decision_codec_roundtrip (unit.test_contract_calculations.ContractCalculationTests.test_gate_decision_codec_roundtrip) ... ok
test_gate_decision_unapproved_policy_protection (unit.test_contract_calculations.ContractCalculationTests.test_gate_decision_unapproved_policy_protection) ... ok
test_lineage_hash_covers_result_payload_unit_currency (unit.test_contract_calculations.ContractCalculationTests.test_lineage_hash_covers_result_payload_unit_currency) ... ok
test_result_payload_deep_immutability (unit.test_contract_calculations.ContractCalculationTests.test_result_payload_deep_immutability) ... ok
test_unapproved_assumption_rejection_for_calculated_status (unit.test_contract_calculations.ContractCalculationTests.test_unapproved_assumption_rejection_for_calculated_status) ... ok
test_unavailable_or_failed_status_cannot_have_numeric_result (unit.test_contract_calculations.ContractCalculationTests.test_unavailable_or_failed_status_cannot_have_numeric_result) ... ok
test_canonical_json_determinism_and_hashing (unit.test_contract_codec.ContractCodecTests.test_canonical_json_determinism_and_hashing) ... ok
test_counterexample_1_unrecognized_kind_rejected (unit.test_contract_codec.ContractCodecTests.test_counterexample_1_unrecognized_kind_rejected)
Counterexample 1: decode_envelope(UNRECOGNIZED) must be rejected with KindValidationError. ... ok
test_envelope_decode_version_and_kind_enforcement (unit.test_contract_codec.ContractCodecTests.test_envelope_decode_version_and_kind_enforcement) ... ok
test_envelope_encode_decode_success (unit.test_contract_codec.ContractCodecTests.test_envelope_encode_decode_success) ... ok
test_envelope_extra_keys_rejected (unit.test_contract_codec.ContractCodecTests.test_envelope_extra_keys_rejected)
Envelopes containing unknown/extra fields must be rejected. ... ok
test_finite_decimal_parsing_success (unit.test_contract_codec.ContractCodecTests.test_finite_decimal_parsing_success) ... ok
test_format_decimal_canonical_string (unit.test_contract_codec.ContractCodecTests.test_format_decimal_canonical_string) ... ok
test_non_finite_and_invalid_decimal_rejection (unit.test_contract_codec.ContractCodecTests.test_non_finite_and_invalid_decimal_rejection) ... ok
test_typed_roundtrip_domain_dtos (unit.test_contract_codec.ContractCodecTests.test_typed_roundtrip_domain_dtos) ... ok
test_naive_datetime_rejection (unit.test_contract_context.ContractContextTests.test_naive_datetime_rejection) ... ok
test_public_availability_date_interval_invalid_range (unit.test_contract_context.ContractContextTests.test_public_availability_date_interval_invalid_range) ... ok
test_public_availability_date_interval_upper_bound (unit.test_contract_context.ContractContextTests.test_public_availability_date_interval_upper_bound) ... ok
test_public_availability_exact (unit.test_contract_context.ContractContextTests.test_public_availability_exact) ... ok
test_public_availability_from_source_date_with_dst (unit.test_contract_context.ContractContextTests.test_public_availability_from_source_date_with_dst) ... ok
test_public_availability_unknown_never_point_in_time_eligible (unit.test_contract_context.ContractContextTests.test_public_availability_unknown_never_point_in_time_eligible) ... ok
test_run_context_invalid_timezone_and_naive (unit.test_contract_context.ContractContextTests.test_run_context_invalid_timezone_and_naive) ... ok
test_run_context_validation (unit.test_contract_context.ContractContextTests.test_run_context_validation) ... ok
test_bar_bounds_invariant (unit.test_contract_domain_models.ContractDomainModelsTests.test_bar_bounds_invariant) ... ok
test_bar_set_chronological_ordering (unit.test_contract_domain_models.ContractDomainModelsTests.test_bar_set_chronological_ordering) ... ok
test_calculation_record_and_unapproved_assumption_guard (unit.test_contract_domain_models.ContractDomainModelsTests.test_calculation_record_and_unapproved_assumption_guard) ... ok
test_financial_fact_validation_and_set (unit.test_contract_domain_models.ContractDomainModelsTests.test_financial_fact_validation_and_set) ... ok
test_institutional_13f_holdings_and_set (unit.test_contract_domain_models.ContractDomainModelsTests.test_institutional_13f_holdings_and_set) ... ok
test_market_quote_invariants (unit.test_contract_domain_models.ContractDomainModelsTests.test_market_quote_invariants) ... ok
test_provider_observation_adapters (unit.test_contract_domain_models.ContractDomainModelsTests.test_provider_observation_adapters) ... ok
test_13f_gate_requires_both_approval_and_validation (unit.test_contract_gate_audit.ContractGateAuditTests.test_13f_gate_requires_both_approval_and_validation) ... ok
test_calculation_record_payload_immutability (unit.test_contract_gate_audit.ContractGateAuditTests.test_calculation_record_payload_immutability) ... ok
test_gate_purpose_whitespace_rejected (unit.test_contract_gate_audit.ContractGateAuditTests.test_gate_purpose_whitespace_rejected) ... ok
test_holding_set_string_bool_rejected (unit.test_contract_gate_audit.ContractGateAuditTests.test_holding_set_string_bool_rejected) ... ok
test_market_quote_string_bool_rejected (unit.test_contract_gate_audit.ContractGateAuditTests.test_market_quote_string_bool_rejected) ... ok
test_policy_id_word_unapproved_does_not_false_positive (unit.test_contract_gate_audit.ContractGateAuditTests.test_policy_id_word_unapproved_does_not_false_positive) ... ok
test_provider_adapter_unit_normalization (unit.test_contract_gate_audit.ContractGateAuditTests.test_provider_adapter_unit_normalization) ... ok
test_provider_observation_bool_source_tier_rejected (unit.test_contract_gate_audit.ContractGateAuditTests.test_provider_observation_bool_source_tier_rejected) ... ok
test_provider_observation_lossless_roundtrip (unit.test_contract_gate_audit.ContractGateAuditTests.test_provider_observation_lossless_roundtrip) ... ok
test_strict_json_duplicate_keys_rejected (unit.test_contract_gate_audit.ContractGateAuditTests.test_strict_json_duplicate_keys_rejected) ... ok
test_strict_json_nonfinite_token_rejected (unit.test_contract_gate_audit.ContractGateAuditTests.test_strict_json_nonfinite_token_rejected) ... ok
test_unavailable_calculation_cannot_hide_numerics (unit.test_contract_gate_audit.ContractGateAuditTests.test_unavailable_calculation_cannot_hide_numerics) ... ok
test_validate_calculation_for_use_arithmetic_passes_without_gate (unit.test_contract_gate_audit.ContractGateAuditTests.test_validate_calculation_for_use_arithmetic_passes_without_gate) ... ok
test_validate_calculation_for_use_policy_verification_rejection (unit.test_contract_gate_audit.ContractGateAuditTests.test_validate_calculation_for_use_policy_verification_rejection) ... ok
test_validate_calculation_for_use_scenario_conditional (unit.test_contract_gate_audit.ContractGateAuditTests.test_validate_calculation_for_use_scenario_conditional) ... ok
test_corrupt_descriptor_and_reopen (unit.test_contract_request_descriptors.ContractRequestDescriptorTests.test_corrupt_descriptor_and_reopen)
�ջ�� ���� request descriptor �� ���� reopen�� �׽�Ʈ�϶�. ... ok
test_evidence_missing_slot_rejected (unit.test_contract_request_descriptors.ContractRequestDescriptorTests.test_evidence_missing_slot_rejected)
evidence ���� slot �ݷ�. ... ok
test_instrument_mismatch (unit.test_contract_request_descriptors.ContractRequestDescriptorTests.test_instrument_mismatch)
descriptor instrument�� snapshot instrument ����ġ �ݷ�. ... ok
test_legacy_request_hash_none (unit.test_contract_request_descriptors.ContractRequestDescriptorTests.test_legacy_request_hash_none)
request_hash=None legacy ��δ� �����Ѵ�. ... ok
test_missing_requested_slots_rejected (unit.test_contract_request_descriptors.ContractRequestDescriptorTests.test_missing_requested_slots_rejected)
��ϵ� request�� slot price�� �䱸�ϴµ� snapshot�� �� slots�̰ų� �ٸ� slot�� ���� ���. ... ok
test_policy_version_mismatch (unit.test_contract_request_descriptors.ContractRequestDescriptorTests.test_policy_version_mismatch)
eligibility decision�� policy_version ����ġ �ݷ�. ... ok
test_timezone_aware_as_of_comparison (unit.test_contract_request_descriptors.ContractRequestDescriptorTests.test_timezone_aware_as_of_comparison)
descriptor�� as_of ���� ������ typed evidence (timezone-aware). ... ok
test_eligibility_decision_factories (unit.test_contract_slots.ContractSlotsTests.test_eligibility_decision_factories) ... ok
test_selected_input_set_active_key_scoping (unit.test_contract_slots.ContractSlotsTests.test_selected_input_set_active_key_scoping) ... ok
test_selected_input_set_duplicate_slot_id_rejection (unit.test_contract_slots.ContractSlotsTests.test_selected_input_set_duplicate_slot_id_rejection) ... ok
test_selected_input_set_hash_and_tamper_detection (unit.test_contract_slots.ContractSlotsTests.test_selected_input_set_hash_and_tamper_detection) ... ok
test_selected_input_set_semantic_hash_permutation_invariance (unit.test_contract_slots.ContractSlotsTests.test_selected_input_set_semantic_hash_permutation_invariance) ... ok
test_selection_request_compute_hash (unit.test_contract_slots.ContractSlotsTests.test_selection_request_compute_hash) ... ok
test_slot_spec_currency_coherence_rules (unit.test_contract_slots.ContractSlotsTests.test_slot_spec_currency_coherence_rules) ... ok
test_slot_spec_matching_candidate (unit.test_contract_slots.ContractSlotsTests.test_slot_spec_matching_candidate) ... ok
test_slot_spec_period_and_duration_coherence (unit.test_contract_slots.ContractSlotsTests.test_slot_spec_period_and_duration_coherence) ... ok
test_atomic_persistence_and_cas_revision_control (unit.test_contract_storage.ContractStorageTests.test_atomic_persistence_and_cas_revision_control) ... ok
test_calculation_integrity_and_bound_input_consistency (unit.test_contract_storage.ContractStorageTests.test_calculation_integrity_and_bound_input_consistency) ... ok
test_compatible_projections_into_sqlite_tables (unit.test_contract_storage.ContractStorageTests.test_compatible_projections_into_sqlite_tables) ... ok
test_corrupted_storage_raises_corrupted_storage_error (unit.test_contract_storage.ContractStorageTests.test_corrupted_storage_raises_corrupted_storage_error)
Corrupted contract storage must raise CorruptedStorageError, never silently reset to empty. ... ok
test_counterexample_3_payload_tampering_with_same_hash_rejected (unit.test_contract_storage.ContractStorageTests.test_counterexample_3_payload_tampering_with_same_hash_rejected)
Counterexample 3: Tampering with history entry payload while keeping snapshot_hash must be rejected. ... ok
test_cross_run_and_missing_evidence_rejection (unit.test_contract_storage.ContractStorageTests.test_cross_run_and_missing_evidence_rejection) ... ok
test_hash_chain_and_storage_integrity (unit.test_contract_storage.ContractStorageTests.test_hash_chain_and_storage_integrity) ... ok
test_history_preservation_in_update_metadata (unit.test_contract_storage.ContractStorageTests.test_history_preservation_in_update_metadata) ... ok
test_idempotent_retry_handling (unit.test_contract_storage.ContractStorageTests.test_idempotent_retry_handling) ... ok
test_multi_instrument_active_selection_isolation_and_ambiguity_rejection (unit.test_contract_storage.ContractStorageTests.test_multi_instrument_active_selection_isolation_and_ambiguity_rejection) ... ok
test_payload_size_limit_rejection (unit.test_contract_storage.ContractStorageTests.test_payload_size_limit_rejection) ... ok
test_rollback_on_tampered_snapshot_failure (unit.test_contract_storage.ContractStorageTests.test_rollback_on_tampered_snapshot_failure) ... ok
test_unauthorized_contract_storage_injection_rejected (unit.test_contract_storage.ContractStorageTests.test_unauthorized_contract_storage_injection_rejected)
Injecting a fake contract storage ledger via update_metadata when none exists must be rejected. ... ok
test_counter_tail_mismatch_read (unit.test_contract_storage_audit.ContractStorageAuditTests.test_counter_tail_mismatch_read)
Counter-tail mismatch in contract storage ledger must fail closed with CorruptedStorageError. ... ok
test_dangling_active_pointer_read (unit.test_contract_storage_audit.ContractStorageAuditTests.test_dangling_active_pointer_read)
Active selection pointer targeting non-existent snapshot hash must fail closed. ... ok
test_duplicate_bound_slot_rejected (unit.test_contract_storage_audit.ContractStorageAuditTests.test_duplicate_bound_slot_rejected)
Calculations with duplicate bound input slot IDs must be rejected. ... ok
test_missing_history_envelope_read (unit.test_contract_storage_audit.ContractStorageAuditTests.test_missing_history_envelope_read)
History entry missing envelope must fail closed with CorruptedStorageError. ... ok
test_positive_reopen_and_persistence (unit.test_contract_storage_audit.ContractStorageAuditTests.test_positive_reopen_and_persistence)
Valid typed evidence, snapshot, and calculation can be persisted and reopened cleanly. ... ok
test_preceding_calculation_reference_validation (unit.test_contract_storage_audit.ContractStorageAuditTests.test_preceding_calculation_reference_validation)
Calculations referencing non-existent preceding calculations must be rejected. ... ok
test_typed_evidence_decoder_is_required (unit.test_contract_storage_audit.ContractStorageAuditTests.test_typed_evidence_decoder_is_required)
add_contract_evidence must strictly decode typed contract payload; malformed payload is rejected without DB insert. ... ok
test_value_free_evidence_cannot_authorize_price (unit.test_contract_storage_audit.ContractStorageAuditTests.test_value_free_evidence_cannot_authorize_price)
Raw untyped evidence without canonical binding projection cannot authorize bound calculation slots. ... ok
test_asset_update_posts_atomically_retries_idempotently_and_waits_for_confirmation (unit.test_execution_dispatcher.FixedModeDispatcherTests.test_asset_update_posts_atomically_retries_idempotently_and_waits_for_confirmation) ... ok
test_every_fixed_mode_executes_its_registered_steps_and_emits_report_where_required (unit.test_execution_dispatcher.FixedModeDispatcherTests.test_every_fixed_mode_executes_its_registered_steps_and_emits_report_where_required) ... ok
test_missing_handler_is_unsupported_and_partial_inputs_still_render_report (unit.test_execution_dispatcher.FixedModeDispatcherTests.test_missing_handler_is_unsupported_and_partial_inputs_still_render_report) ... ok
test_post_commit_projection_failure_keeps_receipt_and_blocks_composite_analysis (unit.test_execution_dispatcher.FixedModeDispatcherTests.test_post_commit_projection_failure_keeps_receipt_and_blocks_composite_analysis) ... ok
test_router_questions_negations_and_order_commands_do_not_post (unit.test_execution_dispatcher.FixedModeDispatcherTests.test_router_questions_negations_and_order_commands_do_not_post) ... ok
test_scenario_and_refresh_replay_cannot_accept_mutation_receipts (unit.test_execution_dispatcher.FixedModeDispatcherTests.test_scenario_and_refresh_replay_cannot_accept_mutation_receipts) ... ok
test_task_state_logger_records_steps_without_request_payload (unit.test_execution_dispatcher.FixedModeDispatcherTests.test_task_state_logger_records_steps_without_request_payload) ... ok
test_unconfirmed_composite_update_waits_or_is_excluded_from_analysis (unit.test_execution_dispatcher.FixedModeDispatcherTests.test_unconfirmed_composite_update_waits_or_is_excluded_from_analysis) ... ok
test_future_observation_is_unavailable (unit.test_phase4_freshness_web.FreshnessTests.test_future_observation_is_unavailable) ... ok
test_latest_as_of_excludes_future (unit.test_phase4_freshness_web.FreshnessTests.test_latest_as_of_excludes_future) ... ok
test_retrieved_at_does_not_replace_observed_at (unit.test_phase4_freshness_web.FreshnessTests.test_retrieved_at_does_not_replace_observed_at) ... ok
test_article_price_and_undated_page_are_not_current_price (unit.test_phase4_freshness_web.WebResearchTests.test_article_price_and_undated_page_are_not_current_price) ... ok
test_news_deduplicates_event_cluster_and_cutoff (unit.test_phase4_freshness_web.WebResearchTests.test_news_deduplicates_event_cluster_and_cutoff) ... ok
test_news_reported_financial_number_is_not_approved_calculation_input (unit.test_phase4_freshness_web.WebResearchTests.test_news_reported_financial_number_is_not_approved_calculation_input) ... ok
test_timestamped_page_without_verified_quote_receipt_is_rejected (unit.test_phase4_freshness_web.WebResearchTests.test_timestamped_page_without_verified_quote_receipt_is_rejected) ... ok
test_fallback_normalizes_unexpected_adapter_error (unit.test_phase4_providers.Phase4ProviderTests.test_fallback_normalizes_unexpected_adapter_error) ... ok
test_kraken_uses_venue_trade_time_not_retrieval_time (unit.test_phase4_providers.Phase4ProviderTests.test_kraken_uses_venue_trade_time_not_retrieval_time) ... ok
test_opendart_missing_key_is_partial_not_exception (unit.test_phase4_providers.Phase4ProviderTests.test_opendart_missing_key_is_partial_not_exception) ... ok
test_opendart_parses_free_structured_rows_without_logging_key (unit.test_phase4_providers.Phase4ProviderTests.test_opendart_parses_free_structured_rows_without_logging_key) ... ok
test_sec_companyfacts_empty_tag_is_unavailable (unit.test_phase4_providers.Phase4ProviderTests.test_sec_companyfacts_empty_tag_is_unavailable) ... ok
test_transport_error_never_reflects_opendart_key (unit.test_phase4_providers.Phase4ProviderTests.test_transport_error_never_reflects_opendart_key) ... ok
test_bitcoin_etf_routes_fund_with_alternative_context (unit.test_phase5_equity_valuation.Phase5EquityValuationTests.test_bitcoin_etf_routes_fund_with_alternative_context) ... ok
test_dcf_explicit_scenarios_and_sensitivity_keep_assumption_lineage (unit.test_phase5_equity_valuation.Phase5EquityValuationTests.test_dcf_explicit_scenarios_and_sensitivity_keep_assumption_lineage) ... ok
test_dcf_has_no_hidden_assumptions (unit.test_phase5_equity_valuation.Phase5EquityValuationTests.test_dcf_has_no_hidden_assumptions) ... ok
test_dcf_rejects_invalid_discount_terminal_relationship (unit.test_phase5_equity_valuation.Phase5EquityValuationTests.test_dcf_rejects_invalid_discount_terminal_relationship) ... ok
test_direct_bitcoin_routes_alternative (unit.test_phase5_equity_valuation.Phase5EquityValuationTests.test_direct_bitcoin_routes_alternative) ... ok
test_equity_fundamentals_are_deterministic_and_partial_on_missing_inputs (unit.test_phase5_equity_valuation.Phase5EquityValuationTests.test_equity_fundamentals_are_deterministic_and_partial_on_missing_inputs) ... ok
test_high_growth_valuation_requires_explicit_scenarios (unit.test_phase5_equity_valuation.Phase5EquityValuationTests.test_high_growth_valuation_requires_explicit_scenarios) ... ok
test_instrument_resolution_routes_gold_miner_as_equity (unit.test_phase5_equity_valuation.Phase5EquityValuationTests.test_instrument_resolution_routes_gold_miner_as_equity) ... ok
test_model_selector_matches_frozen_architecture (unit.test_phase5_equity_valuation.Phase5EquityValuationTests.test_model_selector_matches_frozen_architecture) ... ok
test_bitcoin_has_no_corporate_valuation (unit.test_phase5_fund_alternative.Phase5FundAlternativeTests.test_bitcoin_has_no_corporate_valuation) ... ok
test_bitcoin_missing_venue_and_custody_is_partial (unit.test_phase5_fund_alternative.Phase5FundAlternativeTests.test_bitcoin_missing_venue_and_custody_is_partial) ... ok
test_fund_holdings_without_date_is_partial (unit.test_phase5_fund_alternative.Phase5FundAlternativeTests.test_fund_holdings_without_date_is_partial) ... ok
test_fund_nav_premium_and_lookthrough (unit.test_phase5_fund_alternative.Phase5FundAlternativeTests.test_fund_nav_premium_and_lookthrough) ... ok
test_fund_overlap_is_minimum_common_weight (unit.test_phase5_fund_alternative.Phase5FundAlternativeTests.test_fund_overlap_is_minimum_common_weight) ... ok
test_gold_uses_macro_and_physical_context_not_equity_ratios (unit.test_phase5_fund_alternative.Phase5FundAlternativeTests.test_gold_uses_macro_and_physical_context_not_equity_ratios) ... ok
test_silver_tracks_industrial_demand_context (unit.test_phase5_fund_alternative.Phase5FundAlternativeTests.test_silver_tracks_industrial_demand_context) ... ok
test_allocation_keeps_unvalued_positions_visible (unit.test_phase5_materiality_allocation_risk.Phase5MaterialityAllocationRiskTests.test_allocation_keeps_unvalued_positions_visible) ... ok
test_material_weight_passes (unit.test_phase5_materiality_allocation_risk.Phase5MaterialityAllocationRiskTests.test_material_weight_passes) ... ok
test_risk_calculates_contribution_for_aligned_series (unit.test_phase5_materiality_allocation_risk.Phase5MaterialityAllocationRiskTests.test_risk_calculates_contribution_for_aligned_series) ... ok
test_risk_uses_aligned_frequency_and_returns_partial_when_unaligned (unit.test_phase5_materiality_allocation_risk.Phase5MaterialityAllocationRiskTests.test_risk_uses_aligned_frequency_and_returns_partial_when_unaligned) ... ok
test_small_low_risk_position_fails_gate (unit.test_phase5_materiality_allocation_risk.Phase5MaterialityAllocationRiskTests.test_small_low_risk_position_fails_gate) ... ok
test_unvalued_uncertain_confirmed_position_can_pass_uncertainty (unit.test_phase5_materiality_allocation_risk.Phase5MaterialityAllocationRiskTests.test_unvalued_uncertain_confirmed_position_can_pass_uncertainty) ... ok
test_user_specified_asset_auto_passes (unit.test_phase5_materiality_allocation_risk.Phase5MaterialityAllocationRiskTests.test_user_specified_asset_auto_passes) ... ok
test_conflict_causes_low_confidence_review (unit.test_phase6_report_review.Phase6UnitTests.test_conflict_causes_low_confidence_review) ... ok
test_current_value_requires_selected_timestamped_nonstale_market_evidence (unit.test_phase6_report_review.Phase6UnitTests.test_current_value_requires_selected_timestamped_nonstale_market_evidence) ... ok
test_empty_substantive_report_is_unavailable (unit.test_phase6_report_review.Phase6UnitTests.test_empty_substantive_report_is_unavailable) ... ok
test_materiality_pass_in_run_db_triggers_review (unit.test_phase6_report_review.Phase6UnitTests.test_materiality_pass_in_run_db_triggers_review) ... ok
test_news_reported_base_case_is_partial_and_triggers_review (unit.test_phase6_report_review.Phase6UnitTests.test_news_reported_base_case_is_partial_and_triggers_review) ... ok
test_optional_reviewer_runs_only_when_triggered (unit.test_phase6_report_review.Phase6UnitTests.test_optional_reviewer_runs_only_when_triggered) ... ok
test_partial_conflict_report_is_korean_and_keeps_ids_in_details (unit.test_phase6_report_review.Phase6UnitTests.test_partial_conflict_report_is_korean_and_keeps_ids_in_details) ... ok
test_report_builder_leaves_manifest_and_final_briefing_identity_to_mode_runtime (unit.test_phase6_report_review.Phase6UnitTests.test_report_builder_leaves_manifest_and_final_briefing_identity_to_mode_runtime) ... ok
test_report_redacts_secret_shaped_text (unit.test_phase6_report_review.Phase6UnitTests.test_report_redacts_secret_shaped_text) ... ok
test_retrieved_at_is_not_a_substitute_for_observed_at (unit.test_phase6_report_review.Phase6UnitTests.test_retrieved_at_is_not_a_substitute_for_observed_at) ... ok
test_rumor_cannot_change_base_case (unit.test_phase6_report_review.Phase6UnitTests.test_rumor_cannot_change_base_case) ... ok
test_section_from_analysis_preserves_partial_and_unknown (unit.test_phase6_report_review.Phase6UnitTests.test_section_from_analysis_preserves_partial_and_unknown) ... ok
test_stale_market_evidence_cannot_be_labeled_current (unit.test_phase6_report_review.Phase6UnitTests.test_stale_market_evidence_cannot_be_labeled_current) ... ok
test_persisted_calculation_id_flows_into_report_section_lineage (unit.test_phase8_determinism.Phase8DeterminismTests.test_persisted_calculation_id_flows_into_report_section_lineage) ... ok
test_same_inputs_produce_same_semantic_calculation_results (unit.test_phase8_determinism.Phase8DeterminismTests.test_same_inputs_produce_same_semantic_calculation_results) ... ok
test_asset_update_validates_time_before_posting_decision (unit.test_pipelines.FixedPipelinePlannerTest.test_asset_update_validates_time_before_posting_decision) ... ok
test_exactly_one_pipeline_exists_for_each_of_seven_modes (unit.test_pipelines.FixedPipelinePlannerTest.test_exactly_one_pipeline_exists_for_each_of_seven_modes) ... ok
test_personal_portfolio_materiality_precedes_deep_research (unit.test_pipelines.FixedPipelinePlannerTest.test_personal_portfolio_materiality_precedes_deep_research) ... ok
test_pipeline_registry_is_immutable (unit.test_pipelines.FixedPipelinePlannerTest.test_pipeline_registry_is_immutable) ... ok
test_portfolio_scenario_has_no_personal_state_mutation_steps (unit.test_pipelines.FixedPipelinePlannerTest.test_portfolio_scenario_has_no_personal_state_mutation_steps) ... ok
test_single_asset_automatically_passes_gate (unit.test_pipelines.FixedPipelinePlannerTest.test_single_asset_automatically_passes_gate) ... ok
test_cash_components_are_not_added_on_top_of_cash_group_total (unit.test_portfolio_reconciliation.PortfolioReconciliationTests.test_cash_components_are_not_added_on_top_of_cash_group_total) ... ok
test_conflicting_total_is_unresolved_and_naive_total_is_not_authoritative (unit.test_portfolio_reconciliation.PortfolioReconciliationTests.test_conflicting_total_is_unresolved_and_naive_total_is_not_authoritative) ... ok
test_missing_materiality_config_fails_closed (unit.test_portfolio_reconciliation.PortfolioReconciliationTests.test_missing_materiality_config_fails_closed) ... ok
test_repository_materiality_config_loads_explicit_version (unit.test_portfolio_reconciliation.PortfolioReconciliationTests.test_repository_materiality_config_loads_explicit_version) ... ok
test_unresolved_denominator_suppresses_weights (unit.test_portfolio_reconciliation.PortfolioReconciliationTests.test_unresolved_denominator_suppresses_weights) ... ok
test_json_fractional_tokens_decode_as_decimal (unit.test_provider_http_decimal_tls.ProviderHttpTests.test_json_fractional_tokens_decode_as_decimal) ... ok
test_windows_transport_uses_scoped_truststore_context (unit.test_provider_http_decimal_tls.ProviderHttpTests.test_windows_transport_uses_scoped_truststore_context) ... ok
test_invalid_environment_name_is_rejected (unit.test_providers.EnvironmentCredentialsTest.test_invalid_environment_name_is_rejected) ... ok
test_missing_and_required_credentials_are_safe (unit.test_providers.EnvironmentCredentialsTest.test_missing_and_required_credentials_are_safe) ... ok
test_duplicate_names_are_rejected_case_insensitively (unit.test_providers.ProviderRegistryTest.test_duplicate_names_are_rejected_case_insensitively) ... ok
test_missing_credential_falls_back_by_capability (unit.test_providers.ProviderRegistryTest.test_missing_credential_falls_back_by_capability) ... ok
test_unavailable_capability_requests_partial_result (unit.test_providers.ProviderRegistryTest.test_unavailable_capability_requests_partial_result) ... ok
test_reported_delay_is_rejected_even_inside_freshness_window (unit.test_r01_delayed_quote_gate.DelayedQuoteGateTests.test_reported_delay_is_rejected_even_inside_freshness_window) ... ok
test_zero_or_unknown_delay_still_requires_a_valid_active_session (unit.test_r01_delayed_quote_gate.DelayedQuoteGateTests.test_zero_or_unknown_delay_still_requires_a_valid_active_session) ... ok
test_currency_mismatch_rejected (unit.test_r01_price_binding.R01PriceBindingTests.test_currency_mismatch_rejected) ... ok
test_instrument_mismatch_rejected (unit.test_r01_price_binding.R01PriceBindingTests.test_instrument_mismatch_rejected) ... ok
test_missing_observation_time_rejected (unit.test_r01_price_binding.R01PriceBindingTests.test_missing_observation_time_rejected) ... ok
test_stale_price_rejected (unit.test_r01_price_binding.R01PriceBindingTests.test_stale_price_rejected) ... ok
test_valid_fresh_price (unit.test_r01_price_binding.R01PriceBindingTests.test_valid_fresh_price) ... ok
test_invalid_explicit_scale_is_not_replaced_by_base_unit (unit.test_r02_financial_selection_consumption.FinancialSelectionConsumptionTests.test_invalid_explicit_scale_is_not_replaced_by_base_unit) ... ok
test_only_selected_same_period_facts_reach_phase5 (unit.test_r02_financial_selection_consumption.FinancialSelectionConsumptionTests.test_only_selected_same_period_facts_reach_phase5) ... ok
test_persist_decimal_precision (unit.test_r04_decimal_evidence.DecimalEvidenceTests.test_persist_decimal_precision) ... ok
test_empty_facts_unavailable (unit.test_r04_sec_companyfacts.SecCompanyFactsAdapterTests.test_empty_facts_unavailable) ... ok
test_invalid_values_skipped (unit.test_r04_sec_companyfacts.SecCompanyFactsAdapterTests.test_invalid_values_skipped) ... ok
test_missing_required_fields_marks_partial (unit.test_r04_sec_companyfacts.SecCompanyFactsAdapterTests.test_missing_required_fields_marks_partial) ... ok
test_parse_multiple_facts_and_units (unit.test_r04_sec_companyfacts.SecCompanyFactsAdapterTests.test_parse_multiple_facts_and_units) ... ok
test_permutation_invariance (unit.test_r04_sec_companyfacts.SecCompanyFactsAdapterTests.test_permutation_invariance) ... ok
test_all_ineligible (unit.test_r05_fallback_eligibility.FallbackEligibilityTests.test_all_ineligible) ... ok
test_fundamentals_skip_missing_observation_time (unit.test_r05_fallback_eligibility.FallbackEligibilityTests.test_fundamentals_skip_missing_observation_time) ... ok
test_future_observation (unit.test_r05_fallback_eligibility.FallbackEligibilityTests.test_future_observation) ... ok
test_required_metric_missing_then_completed (unit.test_r05_fallback_eligibility.FallbackEligibilityTests.test_required_metric_missing_then_completed) ... ok
test_sec_partial_then_new (unit.test_r05_fallback_eligibility.FallbackEligibilityTests.test_sec_partial_then_new) ... ok
test_two_ineligible_then_third_selected (unit.test_r05_fallback_eligibility.FallbackEligibilityTests.test_two_ineligible_then_third_selected) ... ok
test_current_price_rejects_invalid_values (unit.test_r05_price_evidence.PriceEvidenceTests.test_current_price_rejects_invalid_values) ... ok
test_naver_close_publication_time_gates_provider_result (unit.test_r06_last_valid_close_provider.LastValidCloseProviderE2ETests.test_naver_close_publication_time_gates_provider_result) ... ok
test_provider_adapter_contract_connects_selected_result_to_executor (unit.test_r06_last_valid_close_provider.LastValidCloseProviderE2ETests.test_provider_adapter_contract_connects_selected_result_to_executor) ... ok
test_yahoo_provider_selection_preserves_nasdaq_close_lineage (unit.test_r06_last_valid_close_provider.LastValidCloseProviderE2ETests.test_yahoo_provider_selection_preserves_nasdaq_close_lineage) ... ok
test_btc_eur_is_rejected_before_usd_transport (unit.test_r06_r07_market_quotes_ohlcv.TestMarketQuotesR06.test_btc_eur_is_rejected_before_usd_transport) ... ok
test_coinbase_ticker_live_schema (unit.test_r06_r07_market_quotes_ohlcv.TestMarketQuotesR06.test_coinbase_ticker_live_schema)
P1: Coinbase Ticker parser with live HTTP 200 confirmed schema. ... ok
test_fallback_helper_retrieval_time_uses_clock_not_cutoff (unit.test_r06_r07_market_quotes_ohlcv.TestMarketQuotesR06.test_fallback_helper_retrieval_time_uses_clock_not_cutoff) ... ok
test_fundamentals_candidate_is_not_called_for_current_price (unit.test_r06_r07_market_quotes_ohlcv.TestMarketQuotesR06.test_fundamentals_candidate_is_not_called_for_current_price) ... ok
test_kraken_trades_requires_expected_usd_result_key (unit.test_r06_r07_market_quotes_ohlcv.TestMarketQuotesR06.test_kraken_trades_requires_expected_usd_result_key) ... ok
test_naver_basic_quote_after_market_separation (unit.test_r06_r07_market_quotes_ohlcv.TestMarketQuotesR06.test_naver_basic_quote_after_market_separation)
Verifies afterMarket closePrice becomes LAST_VALID_CLOSE, overPrice becomes EXTENDED_HOURS. ... ok
test_naver_basic_quote_identity_mismatch_rejected (unit.test_r06_r07_market_quotes_ohlcv.TestMarketQuotesR06.test_naver_basic_quote_identity_mismatch_rejected)
P1: Payload itemCode must strictly match requested instrument_id. ... ok
test_naver_basic_quote_missing_delay_is_none (unit.test_r06_r07_market_quotes_ohlcv.TestMarketQuotesR06.test_naver_basic_quote_missing_delay_is_none)
Missing delayTime must remain None (unknown), not defaulted to 0. ... ok
test_naver_basic_quote_missing_market_timestamp_rejected (unit.test_r06_r07_market_quotes_ohlcv.TestMarketQuotesR06.test_naver_basic_quote_missing_market_timestamp_rejected)
P1: Missing localTradedAt must NOT be invented from retrieved date; marked ineligible. ... ok
test_naver_basic_quote_missing_payload_identity_rejected (unit.test_r06_r07_market_quotes_ohlcv.TestMarketQuotesR06.test_naver_basic_quote_missing_payload_identity_rejected)
P1: Missing payload itemCode is never filled from caller. ... ok
test_naver_basic_quote_regular_session (unit.test_r06_r07_market_quotes_ohlcv.TestMarketQuotesR06.test_naver_basic_quote_regular_session) ... ok
test_provider_all_candidates_failed_is_audited (unit.test_r06_r07_market_quotes_ohlcv.TestMarketQuotesR06.test_provider_all_candidates_failed_is_audited) ... ok
test_provider_eligibility_failure_advances_to_kraken (unit.test_r06_r07_market_quotes_ohlcv.TestMarketQuotesR06.test_provider_eligibility_failure_advances_to_kraken) ... ok
test_provider_evaluator_error_is_recorded_and_fails_closed (unit.test_r06_r07_market_quotes_ohlcv.TestMarketQuotesR06.test_provider_evaluator_error_is_recorded_and_fails_closed) ... ok
test_provider_without_freshness_evaluator_never_returns_available (unit.test_r06_r07_market_quotes_ohlcv.TestMarketQuotesR06.test_provider_without_freshness_evaluator_never_returns_available) ... ok
test_quote_fallback_helper_rejects_future_observation_even_if_evaluator_accepts (unit.test_r06_r07_market_quotes_ohlcv.TestMarketQuotesR06.test_quote_fallback_helper_rejects_future_observation_even_if_evaluator_accepts) ... ok
test_quote_fallback_helper_stale_candidate_advances_to_fresh_alternate (unit.test_r06_r07_market_quotes_ohlcv.TestMarketQuotesR06.test_quote_fallback_helper_stale_candidate_advances_to_fresh_alternate) ... ok
test_quote_fallback_helper_without_evaluator_does_not_select_candidate (unit.test_r06_r07_market_quotes_ohlcv.TestMarketQuotesR06.test_quote_fallback_helper_without_evaluator_does_not_select_candidate) ... ok
test_yahoo_quote_live_schema (unit.test_r06_r07_market_quotes_ohlcv.TestMarketQuotesR06.test_yahoo_quote_live_schema)
P1: Yahoo Finance Chart/Quote parser with live HTTP 200 confirmed schema. ... ok
test_naver_adjustment_flag_without_receipt_is_not_enough (unit.test_r06_r07_market_quotes_ohlcv.TestOHLCVR07.test_naver_adjustment_flag_without_receipt_is_not_enough) ... ok
test_naver_live_price_list_schema_requires_bound_request_route (unit.test_r06_r07_market_quotes_ohlcv.TestOHLCVR07.test_naver_live_price_list_schema_requires_bound_request_route)
Naver's live /price list has no echoed symbol; bind it to its exact request URL. ... ok
test_naver_live_schema_unverified_result_preserves_raw_bars (unit.test_r06_r07_market_quotes_ohlcv.TestOHLCVR07.test_naver_live_schema_unverified_result_preserves_raw_bars) ... ok
test_ohlcv_bounds_invariant_validation (unit.test_r06_r07_market_quotes_ohlcv.TestOHLCVR07.test_ohlcv_bounds_invariant_validation)
Invariants: low <= min(open, close) and max(open, close) <= high. ... ok
test_ohlcv_identity_mismatch_rejected (unit.test_r06_r07_market_quotes_ohlcv.TestOHLCVR07.test_ohlcv_identity_mismatch_rejected) ... ok
test_ohlcv_incomplete_forming_bar_isolation (unit.test_r06_r07_market_quotes_ohlcv.TestOHLCVR07.test_ohlcv_incomplete_forming_bar_isolation)
If session_close > analysis_as_of, bar is marked is_complete=False and isolated. ... ok
test_ohlcv_unverified_adjustment_rejected_from_barset (unit.test_r06_r07_market_quotes_ohlcv.TestOHLCVR07.test_ohlcv_unverified_adjustment_rejected_from_barset)
P1: Raw OHLCV lacking split/adjustment receipt is NOT promoted to validated BarSet. ... ok
test_ohlcv_verified_adjustment_accepted (unit.test_r06_r07_market_quotes_ohlcv.TestOHLCVR07.test_ohlcv_verified_adjustment_accepted)
A strict verification flag plus a receipt is required before creating BarSet. ... ok
test_yahoo_chart_ohlcv_live_schema (unit.test_r06_r07_market_quotes_ohlcv.TestOHLCVR07.test_yahoo_chart_ohlcv_live_schema)
Yahoo Finance Chart OHLCV parser with live HTTP 200 schema. ... ok
test_breakout_same_bar_invariant (unit.test_r08_technical.TestTechnicalCalculationsR08.test_breakout_same_bar_invariant)
The bar that created the resistance level CANNOT be the same bar that breaks out. ... ok
test_ema_hand_calculated_fixture (unit.test_r08_technical.TestTechnicalCalculationsR08.test_ema_hand_calculated_fixture)
Hand calculation: Closes = [10, 11, 12, 13, 14], Period = 3. ... ok
test_non_contiguous_or_embedded_incomplete_bar_rejected (unit.test_r08_technical.TestTechnicalCalculationsR08.test_non_contiguous_or_embedded_incomplete_bar_rejected)
An incomplete bar cannot be embedded in the middle to stitch non-contiguous bars. ... ok
test_prefix_invariance (unit.test_r08_technical.TestTechnicalCalculationsR08.test_prefix_invariance)
Prefix invariance: appending future bars does NOT alter past calculated values. ... ok
test_relative_volume_and_zero_denominator (unit.test_r08_technical.TestTechnicalCalculationsR08.test_relative_volume_and_zero_denominator)
Hand calculation: Volumes = [100, 200, 300, 400], lookback = 2. ... ok
test_sma_hand_calculated_fixture (unit.test_r08_technical.TestTechnicalCalculationsR08.test_sma_hand_calculated_fixture)
Hand calculation: Closes = [10, 11, 12, 13, 14], Period = 3. ... ok
test_support_resistance_pivot_detection (unit.test_r08_technical.TestTechnicalCalculationsR08.test_support_resistance_pivot_detection)
Pivot high at bar 1 (high=20) with lookback=1 and confirmation=1. ... ok
test_trading_signal_gate_blocks_unauthorized_signals (unit.test_r08_technical.TestTechnicalCalculationsR08.test_trading_signal_gate_blocks_unauthorized_signals)
Unauthorized signals must remain UNAVAILABLE without explicit policy approval. ... ok
test_true_range_and_atr_fixture (unit.test_r08_technical.TestTechnicalCalculationsR08.test_true_range_and_atr_fixture)
Hand calculation: ... ok
test_verified_barset_to_indicator_keeps_lineage_and_hand_value (unit.test_r08_technical.TestTechnicalCalculationsR08.test_verified_barset_to_indicator_keeps_lineage_and_hand_value) ... ok
test_wilder_rsi_boundary_conditions (unit.test_r08_technical.TestTechnicalCalculationsR08.test_wilder_rsi_boundary_conditions)
Test boundary conditions: all gains -> 100, all losses -> 0, zero change -> 50. ... ok
test_wilder_rsi_hand_calculated_fixture (unit.test_r08_technical.TestTechnicalCalculationsR08.test_wilder_rsi_hand_calculated_fixture)
Hand calculation: Closes = [10, 12, 11, 14], Period = 3. ... ok
test_comparison_rejects_reverse_order_and_nonadjacent_periods (unit.test_r12_r13_period_continuity.InstitutionalPeriodContinuityTests.test_comparison_rejects_reverse_order_and_nonadjacent_periods) ... ok
test_consensus_accepts_matching_periods_across_managers_but_blocks_mismatches (unit.test_r12_r13_period_continuity.InstitutionalPeriodContinuityTests.test_consensus_accepts_matching_periods_across_managers_but_blocks_mismatches) ... ok
test_contiguous_unique_public_quarters_score_and_trade_gate_stays_disabled (unit.test_r12_r13_period_continuity.InstitutionalPeriodContinuityTests.test_contiguous_unique_public_quarters_score_and_trade_gate_stays_disabled) ... ok
test_scoring_rejects_reverse_gapped_and_duplicate_comparisons (unit.test_r12_r13_period_continuity.InstitutionalPeriodContinuityTests.test_scoring_rejects_reverse_gapped_and_duplicate_comparisons) ... ok
test_future_period_and_future_publication_are_unavailable (unit.test_r12_r13_pit_scoring.TestInstitutionalScoringPointInTime.test_future_period_and_future_publication_are_unavailable) ... ok
test_unknown_availability_is_unavailable_and_known_past_availability_is_usable (unit.test_r12_r13_pit_scoring.TestInstitutionalScoringPointInTime.test_unknown_availability_is_unavailable_and_known_past_availability_is_usable) ... ok
test_addition_amendment_merges_holdings (unit.test_r12_sec_13f.TestAmendmentChainSynthesis.test_addition_amendment_merges_holdings) ... ok
test_ambiguous_amendment_does_not_partially_overwrite_snapshot (unit.test_r12_sec_13f.TestAmendmentChainSynthesis.test_ambiguous_amendment_does_not_partially_overwrite_snapshot) ... ok
test_amendment_restated_replaces_prior_holdings_when_available (unit.test_r12_sec_13f.TestAmendmentChainSynthesis.test_amendment_restated_replaces_prior_holdings_when_available) ... ok
test_amendment_with_different_base_accession_is_not_applied (unit.test_r12_sec_13f.TestAmendmentChainSynthesis.test_amendment_with_different_base_accession_is_not_applied) ... ok
test_filing_and_holding_set_identity_mismatch_is_rejected (unit.test_r12_sec_13f.TestAmendmentChainSynthesis.test_filing_and_holding_set_identity_mismatch_is_rejected) ... ok
test_invalid_quantity_row_is_skipped_and_coverage_is_partial (unit.test_r12_sec_13f.TestAmendmentChainSynthesis.test_invalid_quantity_row_is_skipped_and_coverage_is_partial) ... ok
test_notice_only_filing_does_not_clear_last_holdings (unit.test_r12_sec_13f.TestAmendmentChainSynthesis.test_notice_only_filing_does_not_clear_last_holdings) ... ok
test_date_only_conservative_cutoff (unit.test_r12_sec_13f.TestPointInTimeCutoffFiltering.test_date_only_conservative_cutoff) ... ok
test_naive_cutoff_raises_timezone_error (unit.test_r12_sec_13f.TestPointInTimeCutoffFiltering.test_naive_cutoff_raises_timezone_error) ... ok
test_point_in_time_cutoff_filtering (unit.test_r12_sec_13f.TestPointInTimeCutoffFiltering.test_point_in_time_cutoff_filtering) ... ok
test_absence_not_sold_when_confidential_omission (unit.test_r12_sec_13f.TestPortfolioComparison.test_absence_not_sold_when_confidential_omission) ... ok
test_comparison_metrics_and_split_adjustment (unit.test_r12_sec_13f.TestPortfolioComparison.test_comparison_metrics_and_split_adjustment) ... ok
test_incomparability_on_prn_sh_mismatch_and_manager_mismatch (unit.test_r12_sec_13f.TestPortfolioComparison.test_incomparability_on_prn_sh_mismatch_and_manager_mismatch) ... ok
test_partial_report_cannot_supply_portfolio_weight_denominator (unit.test_r12_sec_13f.TestPortfolioComparison.test_partial_report_cannot_supply_portfolio_weight_denominator) ... ok
test_malformed_xml_raises_sec13f_xml_error (unit.test_r12_sec_13f.TestSec13FInformationTableXmlParsing.test_malformed_xml_raises_sec13f_xml_error) ... ok
test_post_2023_exact_dollar_scale (unit.test_r12_sec_13f.TestSec13FInformationTableXmlParsing.test_post_2023_exact_dollar_scale) ... ok
test_pre_2023_thousand_dollar_scale (unit.test_r12_sec_13f.TestSec13FInformationTableXmlParsing.test_pre_2023_thousand_dollar_scale) ... ok
test_parse_submissions_json_missing_cik (unit.test_r12_sec_13f.TestSec13FSubmissionsParsing.test_parse_submissions_json_missing_cik) ... ok
test_parse_submissions_json_rejects_invalid_identity (unit.test_r12_sec_13f.TestSec13FSubmissionsParsing.test_parse_submissions_json_rejects_invalid_identity) ... ok
test_parse_submissions_json_success (unit.test_r12_sec_13f.TestSec13FSubmissionsParsing.test_parse_submissions_json_success) ... ok
test_provider_to_point_in_time_holdings_to_briefing (unit.test_r12_sec_13f.TestSec13FSubmissionsParsing.test_provider_to_point_in_time_holdings_to_briefing) ... ok
test_missing_row_coverage_and_absence_safeguard (unit.test_r12_sec_13f.TestSourceVintageAndMissingRowCoverage.test_missing_row_coverage_and_absence_safeguard) ... ok
test_source_vintage_invalid_filed_date_unavailable (unit.test_r12_sec_13f.TestSourceVintageAndMissingRowCoverage.test_source_vintage_invalid_filed_date_unavailable) ... ok
test_source_vintage_missing_filed_date_unavailable (unit.test_r12_sec_13f.TestSourceVintageAndMissingRowCoverage.test_source_vintage_missing_filed_date_unavailable) ... ok
test_source_vintage_pre_and_post_2023 (unit.test_r12_sec_13f.TestSourceVintageAndMissingRowCoverage.test_source_vintage_pre_and_post_2023) ... ok
test_value_comparison_unavailable_when_scale_uncertain (unit.test_r12_sec_13f.TestSourceVintageAndMissingRowCoverage.test_value_comparison_unavailable_when_scale_uncertain) ... ok
test_amendment_cutoff_invariance (unit.test_r13_validation.TestPointInTimeValidation.test_amendment_cutoff_invariance) ... ok
test_confidential_omission_absence_audit (unit.test_r13_validation.TestPointInTimeValidation.test_confidential_omission_absence_audit) ... ok
test_lookahead_leak_detected (unit.test_r13_validation.TestPointInTimeValidation.test_lookahead_leak_detected) ... ok
test_missing_consensus_observations_remain_missing (unit.test_r13_validation.TestPointInTimeValidation.test_missing_consensus_observations_remain_missing) ... ok
test_synthetic_validated_report_and_approval_do_not_enable_trade_gate (unit.test_r13_validation.TestStrictUnvalidatedTradeGate.test_synthetic_validated_report_and_approval_do_not_enable_trade_gate) ... ok
test_trade_gate_blocks_unvalidated_features_even_with_approval_string (unit.test_r13_validation.TestStrictUnvalidatedTradeGate.test_trade_gate_blocks_unvalidated_features_even_with_approval_string) ... ok
test_unvalidated_features_blocked_by_default (unit.test_r13_validation.TestStrictUnvalidatedTradeGate.test_unvalidated_features_blocked_by_default) ... ok
test_run_audit_with_leak_is_rejected (unit.test_r13_validation.TestValidationReportGeneration.test_run_audit_with_leak_is_rejected) ... ok
test_run_audit_without_baseline_is_unvalidated (unit.test_r13_validation.TestValidationReportGeneration.test_run_audit_without_baseline_is_unvalidated) ... ok
test_complete_portfolio_analysis_respects_pin_and_reports_cash_debt (unit.test_r14_portfolio_modes.PortfolioModesTests.test_complete_portfolio_analysis_respects_pin_and_reports_cash_debt) ... ok
test_fx_requires_selected_eligible_fresh_point_in_time_evidence (unit.test_r14_portfolio_modes.PortfolioModesTests.test_fx_requires_selected_eligible_fresh_point_in_time_evidence) ... ok
test_in_memory_scenario_reports_explicit_before_after_without_mutation (unit.test_r14_portfolio_modes.PortfolioModesTests.test_in_memory_scenario_reports_explicit_before_after_without_mutation) ... ok
test_risk_fails_closed_for_missing_or_wrong_direction_fx (unit.test_r14_portfolio_modes.PortfolioModesTests.test_risk_fails_closed_for_missing_or_wrong_direction_fx) ... ok
test_risk_weights_are_normalized_to_evaluation_currency (unit.test_r14_portfolio_modes.PortfolioModesTests.test_risk_weights_are_normalized_to_evaluation_currency) ... ok
test_scenario_fx_assumption_cannot_fill_missing_baseline (unit.test_r14_portfolio_modes.PortfolioModesTests.test_scenario_fx_assumption_cannot_fill_missing_baseline) ... ok
test_scenario_fx_delta_compares_real_baseline_with_hypothetical_fx (unit.test_r14_portfolio_modes.PortfolioModesTests.test_scenario_fx_delta_compares_real_baseline_with_hypothetical_fx) ... ok
test_scenario_missing_gate_or_incomplete_baseline_never_reports_delta (unit.test_r14_portfolio_modes.PortfolioModesTests.test_scenario_missing_gate_or_incomplete_baseline_never_reports_delta) ... ok
test_unapproved_or_missing_risk_policy_does_not_create_risk_limits (unit.test_r14_portfolio_modes.PortfolioModesTests.test_unapproved_or_missing_risk_policy_does_not_create_risk_limits) ... ok
test_unvalued_positions_and_missing_fx_remain_unknown (unit.test_r14_portfolio_modes.PortfolioModesTests.test_unvalued_positions_and_missing_fx_remain_unknown) ... ok
test_countercondition_refutes_and_conflicting_latest_is_unknown (unit.test_r14_thesis_refresh.ThesisRefreshTests.test_countercondition_refutes_and_conflicting_latest_is_unknown) ... ok
test_each_user_claim_gets_its_own_matrix_row (unit.test_r14_thesis_refresh.ThesisRefreshTests.test_each_user_claim_gets_its_own_matrix_row) ... ok
test_missing_thesis_waits_without_inventing_claim (unit.test_r14_thesis_refresh.ThesisRefreshTests.test_missing_thesis_waits_without_inventing_claim) ... ok
test_non_timezone_clock_and_nonfinite_condition_are_rejected (unit.test_r14_thesis_refresh.ThesisRefreshTests.test_non_timezone_clock_and_nonfinite_condition_are_rejected) ... ok
test_only_latest_eligible_current_evidence_drives_matrix (unit.test_r14_thesis_refresh.ThesisRefreshTests.test_only_latest_eligible_current_evidence_drives_matrix) ... ok
test_partial_fixed_mode_replay_keeps_status_and_missing_inputs (unit.test_r14_thesis_refresh.ThesisRefreshTests.test_partial_fixed_mode_replay_keeps_status_and_missing_inputs) ... ok
test_refresh_rejects_recursive_update_missing_runner_and_stale_clock (unit.test_r14_thesis_refresh.ThesisRefreshTests.test_refresh_rejects_recursive_update_missing_runner_and_stale_clock) ... ok
test_refresh_uses_new_synthetic_run_pin_and_reports_deltas (unit.test_r14_thesis_refresh.ThesisRefreshTests.test_refresh_uses_new_synthetic_run_pin_and_reports_deltas) ... ok
test_default_executor_sends_browser_user_agent_and_selects_weekend_close (unit.test_rc03_yahoo_user_agent.YahooUserAgentTests.test_default_executor_sends_browser_user_agent_and_selects_weekend_close) ... ok
test_inline_credentials_are_redacted (unit.test_redaction.SecretRedactorTest.test_inline_credentials_are_redacted) ... ok
test_known_secret_is_removed_from_text (unit.test_redaction.SecretRedactorTest.test_known_secret_is_removed_from_text) ... ok
test_logging_filter_redacts_before_handler_output (unit.test_redaction.SecretRedactorTest.test_logging_filter_redacts_before_handler_output) ... ok
test_secret_shaped_mapping_keys_are_redacted_recursively (unit.test_redaction.SecretRedactorTest.test_secret_shaped_mapping_keys_are_redacted_recursively) ... ok
test_asset_update_mode_hint_cannot_override_question_or_negation (unit.test_routing.RequestRouterTest.test_asset_update_mode_hint_cannot_override_question_or_negation) ... ok
test_buy_questions_and_negations_never_become_transaction_facts (unit.test_routing.RequestRouterTest.test_buy_questions_and_negations_never_become_transaction_facts) ... ok
test_completed_fact_routes_to_update_but_order_command_is_unsupported (unit.test_routing.RequestRouterTest.test_completed_fact_routes_to_update_but_order_command_is_unsupported) ... ok
test_confirmed_real_world_mutations_use_asset_update_mode (unit.test_routing.RequestRouterTest.test_confirmed_real_world_mutations_use_asset_update_mode) ... ok
test_empty_text_is_rejected (unit.test_routing.RequestRouterTest.test_empty_text_is_rejected) ... ok
test_explicit_mode_accepts_every_closed_set_member (unit.test_routing.RequestRouterTest.test_explicit_mode_accepts_every_closed_set_member) ... ok
test_hypothetical_requests_always_use_non_posting_scenario_mode (unit.test_routing.RequestRouterTest.test_hypothetical_requests_always_use_non_posting_scenario_mode) ... ok
test_report_refresh_precedes_generic_analysis (unit.test_routing.RequestRouterTest.test_report_refresh_precedes_generic_analysis) ... ok
test_representative_requests_route_deterministically (unit.test_routing.RequestRouterTest.test_representative_requests_route_deterministically) ... ok
test_unknown_explicit_mode_is_rejected (unit.test_routing.RequestRouterTest.test_unknown_explicit_mode_is_rejected) ... ok
test_exactly_eight_discovery_skills_match_authoritative_source (unit.test_skill_discovery.SkillDiscoveryTests.test_exactly_eight_discovery_skills_match_authoritative_source) ... ok
test_invariants_report_discovery_and_mirror_checks (unit.test_skill_discovery.SkillDiscoveryTests.test_invariants_report_discovery_and_mirror_checks) ... ok
test_connection_is_closed_by_context_manager (unit.test_sqlite_policy.SQLitePolicyTests.test_connection_is_closed_by_context_manager) ... ok
test_explicit_transaction_rolls_back (unit.test_sqlite_policy.SQLitePolicyTests.test_explicit_transaction_rolls_back) ... ok
test_nested_transactions_are_rejected (unit.test_sqlite_policy.SQLitePolicyTests.test_nested_transactions_are_rejected) ... ok
test_policy_enables_foreign_keys_timeout_and_rows (unit.test_sqlite_policy.SQLitePolicyTests.test_policy_enables_foreign_keys_timeout_and_rows) ... ok
test_supported_generic_connection_is_read_only (unit.test_sqlite_policy.SQLitePolicyTests.test_supported_generic_connection_is_read_only) ... ok
test_supported_surface_has_no_generic_writable_opener (unit.test_sqlite_policy.SQLitePolicyTests.test_supported_surface_has_no_generic_writable_opener) ... ok
test_backup_path_uses_os_data_directory (unit.test_storage_paths.PersonalPathResolutionTests.test_backup_path_uses_os_data_directory) ... ok
test_git_repository_is_detected_without_explicit_root (unit.test_storage_paths.PersonalPathResolutionTests.test_git_repository_is_detected_without_explicit_root) ... ok
test_invalid_personal_paths_are_rejected (unit.test_storage_paths.PersonalPathResolutionTests.test_invalid_personal_paths_are_rejected) ... ok
test_linux_xdg_and_fallback (unit.test_storage_paths.PersonalPathResolutionTests.test_linux_xdg_and_fallback) ... ok
test_macos_default (unit.test_storage_paths.PersonalPathResolutionTests.test_macos_default) ... ok
test_override_inside_repository_is_rejected (unit.test_storage_paths.PersonalPathResolutionTests.test_override_inside_repository_is_rejected) ... ok
test_resolution_is_lazy (unit.test_storage_paths.PersonalPathResolutionTests.test_resolution_is_lazy) ... ok
test_windows_default (unit.test_storage_paths.PersonalPathResolutionTests.test_windows_default) ... ok
test_malicious_run_ids_are_rejected (unit.test_storage_paths.RunPathResolutionTests.test_malicious_run_ids_are_rejected) ... ok
test_run_path_is_contained (unit.test_storage_paths.RunPathResolutionTests.test_run_path_is_contained) ... ok
test_personal_initialization_has_required_tables_and_version (unit.test_storage_schema.StorageSchemaTests.test_personal_initialization_has_required_tables_and_version) ... ok
test_run_initialization_has_independent_schema_history (unit.test_storage_schema.StorageSchemaTests.test_run_initialization_has_independent_schema_history) ... ok
test_always_confirm_types (unit.test_transaction_intent.TransactionIntentTests.test_always_confirm_types) ... ok
test_complete_buy_is_ready (unit.test_transaction_intent.TransactionIntentTests.test_complete_buy_is_ready) ... ok
test_fingerprint_uses_canonical_timezone_and_decimals (unit.test_transaction_intent.TransactionIntentTests.test_fingerprint_uses_canonical_timezone_and_decimals) ... ok
test_in_kind_transfer_is_unsupported (unit.test_transaction_intent.TransactionIntentTests.test_in_kind_transfer_is_unsupported) ... ok
test_invalid_timezone_and_binary_float_are_rejected (unit.test_transaction_intent.TransactionIntentTests.test_invalid_timezone_and_binary_float_are_rejected) ... ok
test_missing_time_quantity_only_and_ambiguity_require_confirmation (unit.test_transaction_intent.TransactionIntentTests.test_missing_time_quantity_only_and_ambiguity_require_confirmation) ... ok
test_parser_never_fabricates_missing_time_or_price (unit.test_transaction_intent.TransactionIntentTests.test_parser_never_fabricates_missing_time_or_price) ... ok
test_timezone_fallback_is_explicit_context_not_current_time (unit.test_transaction_intent.TransactionIntentTests.test_timezone_fallback_is_explicit_context_not_current_time) ... ok
test_transaction_type_closed_set_has_no_correction (unit.test_transaction_intent.TransactionIntentTests.test_transaction_type_closed_set_has_no_correction) ... ok
test_user_facing_statuses_are_korean (unit.test_v131_korean_display.V131KoreanDisplayTests.test_user_facing_statuses_are_korean) ... ok

======================================================================
FAIL: test_material_stale_data_triggers_conditional_review (acceptance.test_phase6_report_review.Phase6AcceptanceTests.test_material_stale_data_triggers_conditional_review)
----------------------------------------------------------------------
Traceback (most recent call last):
  File "C:\Users\lsn\lsn-asset-mng-skills\workspace\cache\finish-c\tests\acceptance\test_phase6_report_review.py", line 41, in test_material_stale_data_triggers_conditional_review
    self.assertIn("STALE", result.report.markdown)
    ~~~~~~~~~~~~~^^^^^^^^^^^^^^^^^^^^^^^^^^^^^^^^^
AssertionError: 'STALE' not found in '# Stale Evidence\n\n- ������ ����: **�Ϻ� ���� Ȯ�� �Ұ�**\n- ���� �ŷڵ�: **����**\n- �м� ���ؽð�: 2026-08-14T10:00:00+00:00 (Asia/Seoul)\n- ���� �ü� ���ؽð�: 2026-08-14T09:59:00+00:00\n- �繫���� ���ؽð�: Ȯ�� �Ұ�\n- �Žð��� ���ؽð�: Ȯ�� �Ұ�\n- ��Ʈ������ ���ؽð�: 2026-08-14T08:00:00+00:00\n- �߰� ����: �ʿ�\n- �ü� ����: ������ �ü�\n- ���䰡 �ʿ��� ����: �Ǵ� ������ ŭ, �߰� Ȯ�� �ʿ�\n\n## Analysis\n����: **�Ϻ� ���� Ȯ�� �Ұ�**\n- Latest usable quote is stale.\n\n## �߰� ���� �׸�\n����: **�Ϻ� ���� Ȯ�� �Ұ�**\n- �߰� ���䰡 �ʿ��� �׸��� �ֽ��ϴ�.\n\n## �ڷ� ���¿� Ȯ���� �ʿ��� ��\n����: **�Ϻ� ���� Ȯ�� �Ұ�**\n- ���õ� �ڷ� �� ���ؽ����� �����Ǿ��ų� �ֽ� ���θ� Ȯ���� �� ���� �׸��� �ֽ��ϴ�.\n\n## �� �ٰ�\n### Analysis\n- �ٰ� `e-market` \u2014 Official Market; �ڷ� �ð�: 2026-08-14T09:59:00+00:00; �ü� ����: ������ �ü�\n'

======================================================================
FAIL: test_provider_unavailable_keeps_partial_report_available (integration.test_phase6_report_runtime.Phase6IntegrationTests.test_provider_unavailable_keeps_partial_report_available)
----------------------------------------------------------------------
Traceback (most recent call last):
  File "C:\Users\lsn\lsn-asset-mng-skills\workspace\cache\finish-c\tests\integration\test_phase6_report_runtime.py", line 91, in test_provider_unavailable_keeps_partial_report_available
    self.assertIn("MISSING_CREDENTIAL", result.report.markdown)
    ~~~~~~~~~~~~~^^^^^^^^^^^^^^^^^^^^^^^^^^^^^^^^^^^^^^^^^^^^^^
AssertionError: 'MISSING_CREDENTIAL' not found in '# Partial Provider\n\n- ������ ����: **�Ϻ� ���� Ȯ�� �Ұ�**\n- ���� �ŷڵ�: **����**\n- �м� ���ؽð�: 2026-08-14T10:00:00+00:00 (Asia/Seoul)\n- ���� �ü� ���ؽð�: Ȯ�� �Ұ�\n- �繫���� ���ؽð�: Ȯ�� �Ұ�\n- �Žð��� ���ؽð�: Ȯ�� �Ұ�\n- ��Ʈ������ ���ؽð�: 2026-08-14T08:00:00+00:00\n- �߰� ����: ���ʿ�\n\n## Fundamentals\n����: **�Ϻ� ���� Ȯ�� �Ұ�**\n- Official filing unavailable; fallback analysis retained.\n\n## �ڷ� ���¿� Ȯ���� �ʿ��� ��\n����: **�Ϻ� ���� Ȯ�� �Ұ�**\n- �Ϻ� �ڷ�: ���� ������ ���� �ڷḦ �������� ���߽��ϴ�.\n'

======================================================================
FAIL: test_provider_to_evidence_to_analysis_to_report_preserves_personal_source_of_truth (integration.test_phase8_full_stack.Phase8FullStackIntegrationTests.test_provider_to_evidence_to_analysis_to_report_preserves_personal_source_of_truth)
----------------------------------------------------------------------
Traceback (most recent call last):
  File "C:\Users\lsn\lsn-asset-mng-skills\workspace\cache\finish-c\tests\integration\test_phase8_full_stack.py", line 122, in test_provider_to_evidence_to_analysis_to_report_preserves_personal_source_of_truth
    self.assertIn("��� �ٰ�:", result.report.markdown)
    ~~~~~~~~~~~~~^^^^^^^^^^^^^^^^^^^^^^^^^^^^^^^^^^^^^^
AssertionError: '��� �ٰ�:' not found in '# EQ Final Integration\n\n- ������ ����: **�Ϻ� ���� Ȯ�� �Ұ�**\n- ���� �ŷڵ�: **����**\n- �м� ���ؽð�: 2026-08-14T10:00:00+00:00 (UTC)\n- ���� �ü� ���ؽð�: 2026-08-14T09:59:00+00:00\n- �繫���� ���ؽð�: Ȯ�� �Ұ�\n- �Žð��� ���ؽð�: Ȯ�� �Ұ�\n- ��Ʈ������ ���ؽð�: 2026-08-14T09:00:00+00:00\n- �߰� ����: ���ʿ�\n\n## Valuation\n����: **�Ϻ� ���� Ȯ�� �Ұ�**\n- selected model: DCF_MULTIPLES\n- Unknown: dcf_value_per_share\n- Unknown: ev_to_ebitda\n- Unknown: pb\n- Unknown: price_to_sales\n- pe: 10 multiple\n- pb: UNKNOWN (required input unavailable)\n- ev_to_ebitda: UNKNOWN (required input unavailable)\n- price_to_sales: UNKNOWN (required input unavailable)\n- dcf_value_per_share: UNKNOWN (required input unavailable)\n\n## �ڷ� ���¿� Ȯ���� �ʿ��� ��\n����: **Ȯ�� �Ϸ�**\n- ���� Ȯ�� �������� �����Ǿ��ų� �浹�ϴ� �߿� �ڷ�� �߰ߵ��� �ʾҽ��ϴ�.\n\n## �� �ٰ�\n### Valuation\n- �ٰ� `evidence:40c2429fd4cd44aca1cfd9f18a0cea10` \u2014 Official Market; �ڷ� �ð�: 2026-08-14T09:59:00+00:00; �ü� ����: �ǽð� �ü�\n### �� ��� �ٰ�\n- ��� ID: `calc:ffa6e80c7ba54590b780fa7a44661ba0`\n'

======================================================================
FAIL: test_built_artifacts_match_exact_allowlists (test_packaging.TestPackaging.test_built_artifacts_match_exact_allowlists)
----------------------------------------------------------------------
Traceback (most recent call last):
  File "C:\Users\lsn\lsn-asset-mng-skills\workspace\cache\finish-c\tests\test_packaging.py", line 153, in test_built_artifacts_match_exact_allowlists
    self.assertTrue(dist_dir.is_dir(), "Build wheel and sdist before the packaging tests.")
    ~~~~~~~~~~~~~~~^^^^^^^^^^^^^^^^^^^^^^^^^^^^^^^^^^^^^^^^^^^^^^^^^^^^^^^^^^^^^^^^^^^^^^^^
AssertionError: False is not true : Build wheel and sdist before the packaging tests.

======================================================================
FAIL: test_unpacked_sdist_runs_version_metadata_check (test_packaging.TestPackaging.test_unpacked_sdist_runs_version_metadata_check)
----------------------------------------------------------------------
Traceback (most recent call last):
  File "C:\Users\lsn\lsn-asset-mng-skills\workspace\cache\finish-c\tests\test_packaging.py", line 123, in test_unpacked_sdist_runs_version_metadata_check
    self.assertTrue(sdists, "Build an sdist before testing its packaged version check.")
    ~~~~~~~~~~~~~~~^^^^^^^^^^^^^^^^^^^^^^^^^^^^^^^^^^^^^^^^^^^^^^^^^^^^^^^^^^^^^^^^^^^^^
AssertionError: [] is not true : Build an sdist before testing its packaged version check.

----------------------------------------------------------------------
Ran 604 tests in 135.774s

FAILED (failures=5, skipped=1)
